Method,Rank,1-23,,,,1-42,,,,1-71,,,,1-73,,,,1-78,,,,1-100,,,,2-6,,,,2-8,,,,3-7,,,,3-11,,,,4-10,,,,4-25,,,,4-28,,,,5-6,,,,5-13,,,,6-7,,,,6-22,,,,6-26,,,,6-31,,,,6-44,,,,,,,,,,,,,,,,,,,,,,,,,,,,,,,,,,,,,,,,,,,,,,,,,,,,
,,PSNR,SSIM,LPIPS,Size [MB],PSNR,SSIM,LPIPS,Size [MB],PSNR,SSIM,LPIPS,Size [MB],PSNR,SSIM,LPIPS,Size [MB],PSNR,SSIM,LPIPS,Size [MB],PSNR,SSIM,LPIPS,Size [MB],PSNR,SSIM,LPIPS,Size [MB],PSNR,SSIM,LPIPS,Size [MB],PSNR,SSIM,LPIPS,Size [MB],PSNR,SSIM,LPIPS,Size [MB],PSNR,SSIM,LPIPS,Size [MB],PSNR,SSIM,LPIPS,Size [MB],PSNR,SSIM,LPIPS,Size [MB],PSNR,SSIM,LPIPS,Size [MB],PSNR,SSIM,LPIPS,Size [MB],PSNR,SSIM,LPIPS,Size [MB],PSNR,SSIM,LPIPS,Size [MB],PSNR,SSIM,LPIPS,Size [MB],PSNR,SSIM,LPIPS,Size [MB],PSNR,SSIM,LPIPS,Size [MB],,,,,,,,,,,,,,,,,,,,,,,,,,,,,,,,,,,,,,,,,,,,,,,,,
HAC++,2.500,26.421,0.860,0.173,19.976,27.824,0.831,0.231,7.218,28.961,0.895,0.144,15.226,28.340,0.880,0.150,17.702,27.140,0.865,0.175,17.227,28.998,0.912,0.118,16.787,28.508,0.893,0.119,21.032,28.489,0.849,0.292,8.522,28.772,0.860,0.187,17.473,27.757,0.852,0.196,14.001,28.756,0.865,0.186,17.419,27.471,0.930,0.099,19.513,28.311,0.890,0.293,6.946,27.981,0.915,0.136,20.859,30.128,0.923,0.124,15.245,31.520,0.947,0.087,6.695,32.732,0.955,0.059,17.582,28.424,0.886,0.160,19.829,27.870,0.872,0.152,21.325,27.705,0.900,0.123,16.324,,,,,,,,,,,,,,,,,,,,,,,,,,,,,,,,,,,,,,,,,,,,,,,,,
PC-GS,5.833,24.245,0.757,0.298,13.737,25.791,0.748,0.353,4.891,26.997,0.836,0.247,11.044,26.345,0.812,0.259,12.175,23.092,0.739,0.322,12.033,26.335,0.838,0.237,11.549,26.259,0.823,0.221,15.133,27.289,0.843,0.315,5.981,26.971,0.788,0.296,12.161,25.859,0.767,0.303,9.326,26.363,0.760,0.320,11.840,25.070,0.854,0.206,14.998,27.324,0.886,0.300,5.040,25.119,0.833,0.255,16.771,27.945,0.861,0.238,10.661,30.195,0.928,0.169,4.724,30.132,0.904,0.150,12.965,26.156,0.799,0.283,13.790,24.630,0.743,0.302,14.730,25.763,0.839,0.226,11.387,,,,,,,,,,,,,,,,,,,,,,,,,,,,,,,,,,,,,,,,,,,,,,,,,
CAT,6.333,23.686,0.728,0.275,14.402,25.694,0.735,0.315,5.037,26.913,0.828,0.194,11.308,25.642,0.786,0.220,14.333,23.404,0.746,0.280,14.350,26.291,0.830,0.175,13.114,25.721,0.791,0.183,15.436,27.268,0.838,0.232,5.879,26.765,0.770,0.271,12.530,25.677,0.754,0.264,11.353,26.293,0.738,0.269,13.082,23.376,0.782,0.203,13.623,27.468,0.886,0.184,5.261,24.542,0.801,0.181,17.670,27.575,0.840,0.162,10.881,30.646,0.929,0.081,5.547,29.760,0.890,0.098,14.817,25.747,0.774,0.235,14.568,24.662,0.735,0.251,16.607,25.699,0.830,0.166,13.550,,,,,,,,,,,,,,,,,,,,,,,,,,,,,,,,,,,,,,,,,,,,,,,,,
contextgs,6.833,25.082,0.794,0.256,29.602,27.056,0.802,0.287,10.721,27.465,0.851,0.228,19.089,27.239,0.834,0.234,24.362,24.904,0.800,0.260,29.260,27.752,0.871,0.196,30.165,27.203,0.851,0.188,26.773,27.634,0.852,0.304,9.615,28.104,0.828,0.249,23.656,26.962,0.811,0.258,18.385,27.387,0.814,0.260,22.572,26.330,0.889,0.166,29.372,27.602,0.894,0.289,8.652,26.488,0.876,0.195,38.089,28.648,0.881,0.215,17.806,32.224,0.947,0.137,12.997,30.892,0.917,0.130,22.025,27.628,0.846,0.233,27.485,25.407,0.781,0.260,38.916,27.057,0.874,0.184,23.152,,,,,,,,,,,,,,,,,,,,,,,,,,,,,,,,,,,,,,,,,,,,,,,,,
HAC,6.833,24.547,0.769,0.286,25.350,26.216,0.766,0.333,8.094,27.299,0.843,0.236,19.453,26.147,0.808,0.263,22.162,24.833,0.793,0.279,21.749,26.041,0.835,0.234,21.692,26.856,0.841,0.201,26.839,27.644,0.852,0.304,11.471,27.477,0.803,0.279,21.779,26.233,0.782,0.288,16.948,26.940,0.784,0.294,20.873,25.520,0.867,0.193,23.348,27.598,0.892,0.292,9.387,25.552,0.849,0.234,27.089,28.472,0.875,0.222,18.358,30.735,0.934,0.157,8.237,30.795,0.915,0.134,23.233,26.631,0.815,0.266,23.551,25.102,0.762,0.283,26.443,26.142,0.850,0.213,19.865,,,,,,,,,,,,,,,,,,,,,,,,,,,,,,,,,,,,,,,,,,,,,,,,,
RDO-gaussian,8.333,23.617,0.737,0.310,14.056,24.851,0.717,0.391,5.413,25.606,0.779,0.324,6.653,25.019,0.774,0.298,8.611,23.908,N/A,0.310,11.242,26.099,0.824,0.253,13.383,25.137,0.785,0.264,14.721,26.034,0.813,0.348,2.728,24.857,0.720,0.367,6.012,25.062,0.733,0.332,8.510,24.683,0.669,0.406,6.356,24.471,0.841,0.204,27.043,25.424,0.864,0.320,2.975,24.734,0.821,0.254,31.878,26.465,0.804,0.298,7.562,28.492,0.896,0.209,4.634,28.205,0.859,0.203,12.535,25.113,N/A,0.306,14.842,24.250,0.730,0.311,13.389,24.528,0.806,0.255,12.260,,,,,,,,,,,,,,,,,,,,,,,,,,,,,,,,,,,,,,,,,,,,,,,,,
Scaffold-gs,9.167,25.282,0.813,0.229,287.701,28.609,0.865,0.206,253.848,27.848,0.867,0.198,254.261,27.442,0.848,0.212,275.421,24.626,0.805,0.253,286.129,28.394,0.889,0.166,287.151,27.208,0.859,0.174,250.227,27.872,0.862,0.289,144.619,27.648,0.836,0.235,247.447,27.140,0.827,0.236,194.238,27.206,0.829,0.237,202.018,26.160,0.893,0.157,235.048,27.677,0.898,0.281,132.520,26.546,0.885,0.181,303.557,28.866,0.891,0.198,174.855,33.142,0.956,0.120,182.918,31.665,0.934,0.101,227.471,27.896,0.866,0.202,255.769,25.676,0.801,0.243,319.983,26.782,0.878,0.173,225.657,,,,,,,,,,,,,,,,,,,,,,,,,,,,,,,,,,,,,,,,,,,,,,,,,
compact3d,9.833,23.930,0.752,0.305,28.850,25.731,0.759,0.354,16.710,26.123,0.806,0.296,16.790,25.595,0.795,0.285,20.170,24.268,0.773,0.310,21.480,26.528,0.841,0.242,25.880,25.676,0.808,0.248,33.560,26.797,0.836,0.326,9.290,25.673,0.754,0.341,16.420,25.848,0.771,0.306,22.320,25.533,0.734,0.354,19.950,24.828,0.856,0.206,50.320,25.872,0.879,0.307,8.510,25.239,0.841,0.248,58.440,27.597,0.858,0.247,25.990,30.827,0.933,0.157,17.930,29.208,0.891,0.170,29.810,25.827,0.792,0.299,31.100,24.723,0.748,0.308,26.040,25.088,0.828,0.240,24.820,,,,,,,,,,,,,,,,,,,,,,,,,,,,,,,,,,,,,,,,,,,,,,,,,
reduced3dgs,10.000,25.349,0.810,0.238,325.088,27.362,0.816,0.277,151.595,N/A,N/A,N/A,188.577,26.955,0.838,0.228,194.613,N/A,N/A,N/A,267.509,28.355,0.887,0.175,350.452,27.657,0.866,0.178,358.461,27.631,0.857,0.297,92.745,N/A,N/A,N/A,134.585,27.381,0.829,0.237,211.414,26.851,0.795,0.287,160.170,27.461,0.920,0.124,576.099,N/A,N/A,N/A,109.507,27.952,0.913,0.146,688.216,29.295,0.900,0.192,247.010,32.409,0.949,0.129,155.277,N/A,N/A,N/A,364.637,28.007,0.860,0.217,332.755,26.562,0.825,0.225,299.771,26.936,0.885,0.166,307.025,,,,,,,,,,,,,,,,,,,,,,,,,,,,,,,,,,,,,,,,,,,,,,,,,
gsplat,10.083,25.355,0.810,0.219,600.000,28.285,0.847,0.216,601.000,27.423,0.849,0.213,602.000,27.116,0.841,0.207,603.000,26.019,0.838,0.226,604.000,28.665,0.891,0.144,605.000,27.628,0.865,0.145,606.000,27.643,0.857,0.306,607.000,27.301,0.804,0.284,608.000,27.462,0.830,0.211,609.000,26.816,0.794,0.267,610.000,27.520,0.921,0.100,611.000,26.745,0.896,0.292,612.000,28.010,0.915,0.104,613.000,29.272,0.900,0.155,614.000,32.454,0.950,0.083,615.000,32.402,0.941,0.070,616.000,26.760,0.832,0.198,617.000,26.965,0.887,0.139,618.000,28.198,0.863,0.194,619.000,,,,,,,,,,,,,,,,,,,,,,,,,,,,,,,,,,,,,,,,,,,,,,,,,
3DGS,10.250,25.445,0.813,0.234,600.000,28.403,0.851,0.229,601.000,27.613,0.855,0.219,602.000,27.247,0.844,0.220,603.000,26.064,0.838,0.229,604.000,28.615,0.891,0.169,605.000,27.759,0.868,0.174,606.000,27.734,0.859,0.294,607.000,27.514,0.810,0.270,608.000,27.572,0.834,0.231,609.000,27.024,0.800,0.279,610.000,27.560,0.921,0.122,611.000,26.983,0.898,0.281,612.000,28.008,0.914,0.144,613.000,29.400,0.902,0.189,614.000,32.600,0.951,0.127,615.000,32.457,0.942,0.096,616.000,26.768,0.831,0.218,617.000,27.081,0.889,0.162,618.000,28.248,0.865,0.211,619.000,,,,,,,,,,,,,,,,,,,,,,,,,,,,,,,,,,,,,,,,,,,,,,,,,
TC-GS,10.333,23.718,0.721,0.342,17.948,26.813,0.782,0.323,17.257,26.317,0.805,0.297,13.906,26.330,0.801,0.278,19.160,23.412,0.737,0.338,17.707,26.431,0.826,0.261,18.429,24.845,0.745,0.322,15.670,27.284,0.838,0.323,8.773,26.117,0.748,0.343,16.243,25.058,0.721,0.357,13.574,25.988,0.712,0.383,18.599,23.229,0.777,0.296,18.699,27.304,0.885,0.302,7.327,23.180,0.737,0.370,19.758,27.101,0.817,0.298,14.579,29.056,0.897,0.236,5.601,29.067,0.865,0.208,18.771,25.655,0.768,0.319,21.651,24.147,0.709,0.339,19.725,25.231,0.810,0.270,16.613,,,,,,,,,,,,,,,,,,,,,,,,,,,,,,,,,,,,,,,,,,,,,,,,,
compact3dgs,11.333,24.033,0.763,0.285,66.946,26.079,0.774,0.326,45.829,26.132,0.809,0.280,44.641,25.628,0.800,0.267,56.018,24.379,0.787,0.281,59.623,26.519,0.848,0.215,76.307,25.748,0.816,0.225,86.120,26.814,0.835,0.322,33.982,26.088,0.770,0.311,45.810,25.599,0.769,0.291,55.082,25.401,0.745,0.319,51.399,23.719,0.846,0.208,135.339,25.977,0.875,0.311,32.366,25.097,0.852,0.217,146.077,26.906,0.844,0.248,57.836,29.386,0.916,0.167,50.467,29.399,0.902,0.142,83.908,25.766,0.802,0.263,87.527,24.776,0.765,0.275,68.281,25.171,0.839,0.210,75.081,,,,,,,,,,,,,,,,,,,,,,,,,,,,,,,,,,,,,,,,,,,,,,,,,
Minisplatting,11.667,23.428,0.727,0.327,27.773,26.194,0.783,0.310,24.421,25.967,0.805,0.278,21.256,25.186,0.788,0.284,21.838,23.603,0.756,0.315,21.255,25.483,0.831,0.237,25.474,25.106,0.785,0.266,30.305,26.757,0.835,0.323,13.332,25.591,0.756,0.333,21.806,25.399,0.752,0.309,26.107,25.201,0.735,0.341,28.610,23.984,0.813,0.248,44.293,25.959,0.879,0.304,11.910,23.919,0.778,0.309,44.749,26.985,0.841,0.244,29.897,29.787,0.925,0.164,14.122,28.450,0.879,0.177,32.048,25.091,0.760,0.324,29.102,24.051,0.726,0.323,26.158,24.670,0.814,0.244,25.792,,,,,,,,,,,,,,,,,,,,,,,,,,,,,,,,,,,,,,,,,,,,,,,,,
FC-GS,11.833,19.383,0.669,0.200,54.895,21.244,0.711,0.212,32.313,21.725,0.740,0.201,30.955,19.918,0.704,0.197,33.698,19.506,0.677,0.236,47.107,21.018,0.764,0.145,47.620,20.245,0.700,0.180,59.600,21.360,0.784,0.226,34.131,20.410,0.672,0.287,27.717,22.185,0.744,0.187,51.984,21.944,0.679,0.214,59.713,18.734,0.676,0.202,77.679,20.569,0.815,0.221,38.369,19.574,0.635,0.251,98.962,22.455,0.761,0.163,41.207,22.249,0.805,0.117,20.750,22.031,0.770,0.136,41.766,21.437,0.724,0.189,57.524,20.039,0.668,0.205,57.524,19.908,0.718,0.179,48.940,,,,,,,,,,,,,,,,,,,,,,,,,,,,,,,,,,,,,,,,,,,,,,,,,
Lightgaussian,12.667,24.320,0.764,0.292,392.138,26.259,0.774,0.340,175.644,26.575,0.819,0.276,264.895,25.488,0.792,0.291,224.205,24.352,0.778,0.310,281.697,26.659,0.850,0.228,361.130,26.216,0.819,0.236,407.525,26.586,0.833,0.331,111.166,25.979,0.750,0.347,165.273,26.066,0.773,0.299,246.503,25.464,0.728,0.351,194.879,26.239,0.887,0.162,654.902,26.044,0.879,0.309,119.238,26.508,0.874,0.195,800.511,27.936,0.863,0.236,282.481,30.644,0.935,0.157,165.865,30.311,0.910,0.143,412.095,26.265,0.799,0.294,385.430,25.039,0.770,0.287,335.331,25.648,0.844,0.221,347.001,,,,,,,,,,,,,,,,,,,,,,,,,,,,,,,,,,,,,,,,,,,,,,,,,
gaussianspa,13.333,23.443,0.723,0.334,106.796,26.651,0.790,0.304,101.522,26.205,0.810,0.274,106.681,25.849,0.803,0.271,107.060,24.366,0.776,0.298,106.461,26.343,0.839,0.237,107.462,25.129,0.781,0.275,107.190,27.192,0.843,0.313,105.747,26.091,0.762,0.325,97.891,25.572,0.753,0.308,106.949,25.503,0.728,0.353,99.616,23.232,0.774,0.298,106.540,26.490,0.886,0.294,107.086,23.316,0.739,0.359,107.694,27.245,0.837,0.259,101.901,31.167,0.938,0.146,91.718,29.001,0.881,0.183,106.679,25.319,0.760,0.327,106.925,24.483,0.738,0.314,106.536,25.048,0.825,0.236,107.256,,,,,,,,,,,,,,,,,,,,,,,,,,,,,,,,,,,,,,,,,,,,,,,,,
Octree-GS,13.833,23.048,0.706,0.339,79.979,26.623,0.793,0.292,80.002,26.631,0.831,0.239,114.507,21.659,0.652,0.427,46.653,20.328,0.603,0.465,21.491,21.168,0.654,0.440,13.764,21.287,0.584,0.453,15.707,24.323,0.757,0.410,7.028,23.993,0.683,0.407,33.737,23.689,0.661,0.401,30.328,24.550,0.656,0.417,34.681,20.510,0.625,0.393,26.897,25.199,0.846,0.348,13.338,25.085,0.838,0.245,145.552,22.835,0.619,0.481,8.832,21.762,0.746,0.399,2.186,25.606,0.773,0.301,39.751,22.981,0.653,0.416,32.689,20.824,0.542,0.496,10.875,22.034,0.688,0.390,86.941,,,,,,,,,,,,,,,,,,,,,,,,,,,,,,,,,,,,,,,,,,,,,,,,,
