dataset,scene,method,psnr,size_mb,protocol
MipNeRF360,bonsai,HAC-low,32.2755,8.9768,factor4-30k
MipNeRF360,bonsai,HAC-high,32.9719,13.3342,factor4-30k
MipNeRF360,counter,HAC-low,29.3473,7.6140,factor4-30k
MipNeRF360,counter,HAC-high,29.7447,10.9500,factor4-30k
MipNeRF360,kitchen,HAC-low,31.1648,8.4458,factor4-30k
MipNeRF360,kitchen,HAC-high,31.6309,12.6581,factor4-30k
MipNeRF360,room,HAC-low,31.5471,5.7965,factor4-30k
MipNeRF360,room,HAC-high,31.9047,8.2349,factor4-30k
MipNeRF360,garden,HAC-low,27.2806,23.7963,factor2-30k
MipNeRF360,garden,HAC-high,27.4616,33.7342,factor2-30k
TanksAndTemples,train,HAC-low,22.1893,7.2776,factor2-30k
TanksAndTemples,train,HAC-high,22.7803,10.5542,factor2-30k
TanksAndTemples,truck,HAC-low,25.8835,9.7098,factor2-30k
TanksAndTemples,truck,HAC-high,26.0208,13.0247,factor2-30k
DeepBlending,playroom,HAC-low,30.4394,3.3065,factor1-30k
DeepBlending,playroom,HAC-high,30.8384,5.2775,factor1-30k
DeepBlending,drjohnson,HAC-low,29.5277,5.8158,factor1-30k
DeepBlending,drjohnson,HAC-high,29.8492,8.0444,factor1-30k
