group,scene,run_id,variant,iteration,lambda,feat_dim,mlp_quant,psnr,ssim,lpips,total_mb,anchors_trained,anchors_coded,metric_type,metric_value,notes,source
phg_main,4-28,4-28_i6_90k_h32,PHG h32 90k (I2+I6),90000,0.004,50,float32,28.655,0.8921,0.2767,5.5604,259061,,render_metrics,,eval 1600 宽; 主对照行,PHG docs
phg_main,4-28,4-28_i6_90k_h25,PHG h25 90k (I2+I6),90000,0.004,50,float32,28.637,0.8922,0.2767,5.5240,,,,,mlp_complexity hidden=25,PHG docs
phg_main,4-28,4-28_i6_90k_h32_30k,PHG h32 30k (I2+I6),30000,0.004,50,float32,27.879,0.8867,0.2758,6.0130,,,,,30k 短训,PHG docs
phg_main,4-28,4-28_i6_90k_dim16,PHG dim16 90k,90000,0.004,16,float32,28.273,0.8877,0.2815,4.0279,,,,,feat_dim=16,PHG docs
phg_main,4-28,4-28_i6_90k_dim32,PHG dim32 90k,90000,0.004,32,float32,28.455,0.8901,0.2796,4.5630,,,,,feat_dim=32,PHG docs
phg_main,4-28,4-28_i6_90k_h32_l0p002,PHG h32 90k λ0.002,90000,0.002,50,float32,28.988,0.8974,0.2708,8.3069,338130,,render_metrics,,高 PSNR 分支,annotation
phg_main,4-28,4-28_lxdim_110k_dim50_l0p004,PHG 110k dim50 λ0.004 baseline,110000,0.004,50,float32,28.825,0.8926,,5.6471,254921,,render_metrics,,eval 标签显示 30000 为 bug 实际 110k,5090 results
phg_main,4-28,4-28_lxdim_110k_dim50_l0p004,PHG 110k dim50 λ0.004 + MLP 量化,110000,0.004,50,cd8_rest16,28.8235,0.8926,0.2771,5.4852,254921,,render_metrics,,attr_MB=5.3202 mlp_payload=0.165; 最优操作点,mlp_quant results.json
phg_step_sweep,4-28,4-28_i6_90k_h32_120k,step=60000,60000,0.004,50,float32,28.545,0.8938,,6.9627,,,,,120k 训练中途 checkpoint 评估,5090 eval_step
phg_step_sweep,4-28,4-28_i6_90k_h32_120k,step=70000,70000,0.004,50,float32,28.609,0.8939,,6.3974,,,,,,5090 eval_step
phg_step_sweep,4-28,4-28_i6_90k_h32_120k,step=80000,80000,0.004,50,float32,28.681,0.8937,,6.1106,,,,,,5090 eval_step
phg_step_sweep,4-28,4-28_i6_90k_h32_120k,step=90000,90000,0.004,50,float32,28.682,0.8933,,5.9427,,,,,,5090 eval_step
phg_step_sweep,4-28,4-28_i6_90k_h32_120k,step=100000,100000,0.004,50,float32,28.771,0.8929,,5.7769,,,,,,5090 eval_step
phg_step_sweep,4-28,4-28_i6_90k_h32_120k,step=110000,110000,0.004,50,float32,28.825,0.8926,,5.6471,,,,,PSNR 极大值点 → 选 110k,5090 eval_step
phg_step_sweep,4-28,4-28_i6_90k_h32_120k,step=120000,120000,0.004,50,float32,,,,,,,,,120k 评估缺失（用户确认 110k 为最佳轮数）,5090
phg_rd_qscale,4-28,4-28_i6_90k_h32,q_scale=0.75,90000,0.004,50,float32,28.707,0.8928,0.2761,6.0881,,,,,RD 曲线,PHG docs
phg_rd_qscale,4-28,4-28_i6_90k_h32,q_scale=0.875,90000,0.004,50,float32,28.685,0.8925,0.2764,5.7970,,,,,,PHG docs
phg_rd_qscale,4-28,4-28_i6_90k_h32,q_scale=1.0,90000,0.004,50,float32,28.655,0.8921,0.2767,5.5604,,,,,,PHG docs
phg_rd_qscale,4-28,4-28_i6_90k_h32,q_scale=1.125,90000,0.004,50,float32,28.626,0.8917,0.2771,5.3637,,,,,,PHG docs
phg_rd_qscale,4-28,4-28_i6_90k_h32,q_scale=1.25,90000,0.004,50,float32,28.587,0.8913,0.2775,5.1977,,,,,,PHG docs
phg_rd_qscale,4-28,4-28_i6_90k_h32,q_scale=1.5,90000,0.004,50,float32,28.502,0.8902,0.2785,4.9329,,,,,,PHG docs
phg_rd_qscale,4-28,4-28_i6_90k_h32,q_scale=2.0,90000,0.004,50,float32,28.286,0.8874,0.2810,4.5751,,,,,,PHG docs
phg_attr_ctx,4-28,4-28_i6_90k_h32_l0p002,R4 attr_ctx scaling-only 8bit,90000,0.002,50,cd8_rest16,28.988,0.8974,0.2708,8.2730,338130,,render_metrics,0.0339,净省 0.0339 MB(0.41%); payload 13381B; 质量不变; 默认关,R4 report
phg_mlp_quant,DB-playroom,db_playroom_i6_110k_h32_l0p002,playroom 110k baseline,110000,0.002,50,float32,30.7310,0.9130,0.2575,4.3819,148569,,render_metrics,,eval 标签 30000 为 bug 实际 110k,5090 results
phg_mlp_quant,DB-playroom,db_playroom_i6_110k_h32_l0p002,playroom 110k + MLP 量化,110000,0.002,50,cd8_rest16,30.7288,0.9130,0.2575,4.2231,148569,,render_metrics,,attr_MB=4.0578 mlp_payload=0.1653,mlp_quant results.json
phg_mlp_quant,DB-drjohnson,db_drjohnson_i6_110k_h32_l0p002,drjohnson 110k baseline,110000,0.002,50,float32,30.0376,0.9112,0.2459,7.0156,252965,,render_metrics,,eval 标签 30000 为 bug 实际 110k,5090 results
phg_mlp_quant,DB-drjohnson,db_drjohnson_i6_110k_h32_l0p002,drjohnson 110k + MLP 量化,110000,0.002,50,cd8_rest16,30.0376,0.9112,0.2459,6.8549,252965,,render_metrics,,attr_MB=6.6902 mlp_payload=0.1647,mlp_quant results.json
phg_spa,DB-playroom,spa_db_playroom_30k_base,SPA 基线(无 SPA),30000,0.002,50,float32,30.872,0.9134,0.2594,4.1831,338560,168626,render_metrics,,编码端 mask_anchor 已滤掉一半,SPA report
phg_spa,DB-playroom,spa_db_playroom_30k_topk05,MaskTopk-only 0.5,30000,0.002,50,float32,30.872,0.9134,0.2594,4.1958,338560,169280,render_metrics,,与基线几乎相同,SPA report
phg_spa,DB-playroom,spa_db_playroom_30k_topk010,MaskTopk-only 0.1026,30000,0.002,50,float32,24.120,0.8399,0.3714,1.4740,338560,34736,render_metrics,,对齐 SPA 编码锚点数,SPA report
phg_spa,DB-playroom,spa_db_playroom_30k_spa,SPA-anchor ratio=0.5,30000,0.002,50,float32,29.639,0.8948,0.3106,1.0835,50741,34722,render_metrics,,同锚点数比 topk 高 5.52dB 且更小; 阶段A通过,SPA report
phg_p0,4-28,4-28_i6_90k_h32,P0 H_base(scaling+offsets 熵),90000,0.004,50,float32,,,,,259061,,entropy_MB,0.3826,,P0 report
phg_p0,4-28,4-28_i6_90k_h32,P0-1 feat 条件化 h64/400,90000,0.004,50,float32,,,,,259061,,entropy_MB,0.3755,gain +1.86% 关闭,P0 report
phg_p0,4-28,4-28_i6_90k_h32,P0-1 feat 条件化 h128/1500,90000,0.004,50,float32,,,,,259061,,entropy_MB,0.3738,gain +2.30% 关闭,p0_offline_big.json
phg_p0,4-28,4-28_i6_90k_h32,P0-2 邻居均值池化 k8,90000,0.004,50,float32,,,,,259061,,entropy_MB,0.3821,gain +0.13% 关闭,P0 report
phg_p0,4-28,4-28_i6_90k_h32,P0-2 邻居均值池化 k16,90000,0.004,50,float32,,,,,259061,,entropy_MB,0.3822,gain +0.09% 关闭,P0 report
phg_p0,4-28,4-28_i6_90k_h32,P0-2 邻居均值池化 k32,90000,0.004,50,float32,,,,,259061,,entropy_MB,0.3824,gain +0.06% 关闭,P0 report
phg_p0,4-28,4-28_i6_90k_h32,P0-2 原始邻居特征 k8/s1500,90000,0.004,50,float32,,,,,259061,,entropy_MB,0.3816,gain +0.257% 关闭,p0_offline_rawctx_s1500.json
phg_p0,4-28,4-28_i6_90k_h32,P0-2 原始邻居特征 k16/s1500,90000,0.004,50,float32,,,,,259061,,entropy_MB,0.3817,gain +0.247% 关闭,p0_offline_rawctx_s1500.json
phg_p0,4-28,4-28_i6_90k_h32,P0-2 原始邻居特征 k32/s1500,90000,0.004,50,float32,,,,,259061,,entropy_MB,0.3819,gain +0.177% 关闭,p0_offline_rawctx_s1500.json
phg_p0,4-28,4-28_i6_90k_h32,P0-reverse H_feat_base,90000,0.004,50,float32,,,,,259061,,entropy_MB,0.6038,,p0_offline_reverse.json
phg_p0,4-28,4-28_i6_90k_h32,P0-reverse H_so_base,90000,0.004,50,float32,,,,,259061,,entropy_MB,0.3924,,p0_offline_reverse.json
phg_p0,4-28,4-28_i6_90k_h32,P0-reverse 条件熵最佳 h64/s1500,90000,0.004,50,float32,,,,,259061,,entropy_MB,0.6013,gain +0.421% 关闭; delta_rev=0.0025MB,p0_offline_reverse.json
phg_r,4-28,4-28_i6_90k_h32_l0p002,R H_base(feat+scaling+offsets 熵),90000,0.002,50,float32,,,,,338130,,entropy_MB,1.5328,feat=0.9589 scaling=0.3333 offsets=0.2406,residual_feasibility.json
phg_r,4-28,4-28_i6_90k_h32_l0p002,R0 拉普拉斯残差,90000,0.002,50,float32,,,,,338130,,so_gain_pct,0.112,净省 0.00064MB 无增益,residual_feasibility.json
phg_r,4-28,4-28_i6_90k_h32_l0p002,R1 ctx MLP 拉普拉斯 h64/s1500,90000,0.002,50,float32,,,,,338130,,so_gain_pct,-9.661,关闭,residual_feasibility.json
phg_r,4-28,4-28_i6_90k_h32_l0p002,R2 跨字段拉普拉斯 h64/s1500,90000,0.002,50,float32,,,,,338130,,so_gain_pct,-9.457,净省 -0.10024MB 关闭,residual_feasibility.json
phg_r,4-28,4-28_i6_90k_h32_l0p002,R2 跨字段高斯 h64/s1500,90000,0.002,50,float32,,,,,338130,,so_gain_pct,-32.202,关闭,residual_feasibility.json
phg_r,4-28,4-28_i6_90k_h32_l0p002,R3 feat 通道 delta,90000,0.002,50,float32,,,,,338130,,total_gain_pct,-45.634,关闭,residual_feasibility.json
phg_r,4-28,4-28_i6_90k_h32_l0p002,R4 条件均值+log-scale h64/s1500,90000,0.002,50,float32,,,,,338130,,so_gain_pct,11.931,净省 0.00925MB; 阶段A整体 close 但 R4 可作可选路径,residual_feasibility.json
phg_codec_efficiency,4-28,4-28_i6_90k_h32,feat,90000,0.004,50,float32,,,,,259061,,efficiency,1.0042,actual=23065952 est=22970156.88 bits,codec_efficiency.py
phg_codec_efficiency,4-28,4-28_i6_90k_h32,scaling,90000,0.004,50,float32,,,,,259061,,efficiency,0.9634,actual=9409976 est=9767245.48 bits,codec_efficiency.py
phg_codec_efficiency,4-28,4-28_i6_90k_h32,offsets,90000,0.004,50,float32,,,,,259061,,efficiency,1.0018,actual=5871984 est=5861708.90 bits,codec_efficiency.py
phg_codec_efficiency,4-28,4-28_i6_90k_h32,masks,90000,0.004,50,float32,,,,,259061,,efficiency,1.0066,actual=1458712 est=1449125.83 bits,codec_efficiency.py
phg_codec_efficiency,4-28,4-28_i6_90k_h32,hash,90000,0.004,50,float32,,,,,259061,,efficiency,1.0314,actual=214864 est=208325.03 bits,codec_efficiency.py
phg_codec_efficiency,4-28,4-28_i6_90k_h32,total,90000,0.004,50,float32,,,,,259061,,efficiency,0.9942,actual=40021488 est=40256562.13 bits,codec_efficiency.py
phg_i6_sweep,4-28,4-28_i6_90k_h32,i6_sweep_fixed formula,6000,0.004,50,float32,20.43,0.789,0.3865,10.7662,,,,,6k probe; 替换方案相关,i6_sweep_fixed.json
phg_i6_sweep,4-28,4-28_i6_90k_h32,i6_sweep_fixed strength=0.5,6000,0.004,50,float32,21.1876,0.7864,0.3885,9.9341,,,,,delta -0.8321MB,i6_sweep_fixed.json
phg_i6_sweep,4-28,4-28_i6_90k_h32,i6_sweep_fixed strength=1.0,6000,0.004,50,float32,20.6775,0.7732,0.4,9.6084,,,,,delta -1.1578MB,i6_sweep_fixed.json
phg_i6_sweep,4-28,4-28_i6_90k_h32,i6_sweep_fixed strength=2.0,6000,0.004,50,float32,19.6419,0.7552,0.4164,9.3324,,,,,delta -1.4338MB,i6_sweep_fixed.json
phg_i6_sweep,4-28,4-28_i6_90k_h32,i6 相关性 gate(feat/scaling/offsets),90000,0.004,50,float32,,,,,259061,,correlation,0.0042,feat=-0.0003 scaling=0.0042 offsets=0.0006; 关闭,i6_sweep_fixed.json
phg_i6_sweep,4-28,4-28_i6_90k_h32,I6 替换方案相关性 gate 最佳,90000,0.004,50,float32,,,,,259061,,correlation,0.0086,输入集 A/B/C 最大 0.0086 < 0.3 关闭,sens_replace_gate.json
phg_i6_sweep,4-28,4-28_i6_90k_h32,sensitivity_side_info baseline_formula,90000,0.004,50,float32,28.6551,0.8921,0.2767,5.5604,,,,,真值侧信息 s0.5_true 28.6846/5.7143 更大; 关闭,sensitivity_side_info.json
phg_i6_sweep,4-28,4-28_i6_90k_h32,sensitivity_side_info s0.5_N8,90000,0.004,50,float32,28.6806,0.8923,0.2765,5.9867,,,,,raw; ctx 版本 6.0017MB,sensitivity_side_info.json
phg_i5,4-28,4-28_i6_90k_h32,I5 scalar(VQ 基线),90000,0.004,50,float32,28.6371,0.8922,0.2767,5.5242,257702,,,,关闭,i5_rd.json
phg_i5,4-28,4-28_i6_90k_h32,I5 d4_4_4_4_ca,90000,0.004,50,float32,23.5921,0.7892,0.3593,16.6199,257702,,,,关闭,i5_rd.json
phg_i5,4-28,4-28_i6_90k_h32,I5 d4_4_4_4_ca_dither,90000,0.004,50,float32,22.8295,0.7744,0.3732,16.7285,257702,,,,关闭,i5_rd.json
phg_i5,4-28,4-28_i6_90k_h32,I5 e8_8_4_4_ca,90000,0.004,50,float32,23.9996,0.8016,0.3476,18.5074,257702,,,,关闭,i5_rd.json
baseline,4-28,old_ours_90k,旧 ours 90k(CT_HAC 前版本),90000,,,,28.563,0.8882,0.2982,6.3547,,,,,对比基线,PHG docs
baseline,4-28,hacpp_paper,HAC++ 论文,90000,,,,28.311,0.89,0.2932,6.9462,,,,,论文对照,PHG docs
baseline,DB-playroom,haC_plus_highrate,HAC++ highrate,110000,,,,30.9313,0.91297,0.25488,4.5635,522152,,,,survey 单场景,survey repo
baseline,DB-playroom,haC_plus_lowrate,HAC++ lowrate,110000,,,,30.6874,0.90887,0.26791,2.5358,266328,,,,survey 单场景,survey repo
baseline,DB-playroom,hac_highrate,HAC highrate,110000,,,,30.8384,0.90567,0.26161,5.2775,448521,,,,survey 单场景,survey repo
baseline,DB-playroom,hac_lowrate,HAC lowrate,110000,,,,30.4394,0.90232,0.27239,3.3065,380598,,,,survey 单场景,survey repo
baseline,DB-playroom,contextgs_high,ContextGS highrate,110000,,,,30.933,0.90974,0.2682,5.6716,,,,,survey 单场景,survey repo
baseline,DB-playroom,contextgs_low,ContextGS lowrate,110000,,,,30.512,0.90811,0.26873,3.1256,,,,,survey 单场景,survey repo
baseline,DB-playroom,smolgs_large,Smol-GS large,110000,,,,30.6682,0.90852,0.25668,2.9548,266668,,,,survey 单场景,survey repo
baseline,DB-playroom,smolgs_base,Smol-GS base,110000,,,,30.6173,0.90668,0.26082,2.3899,211473,,,,survey 单场景,survey repo
baseline,DB-playroom,compgs_3points,CompGS 3 档,110000,,,,30.044/29.593/29.614,0.900/0.895/0.894,0.287/0.305/0.305,7.496/5.695/5.303,177280/181368/219789,,,,survey 单场景 3 个码率点,survey repo
baseline,DB-playroom,scaffold_gs,HAC++/Scaffold 未压缩基线,110000,,,,30.21,0.906,0.254,66,,,,,survey 聚合(两场景均值),survey aggregate
phg_mlp_quant_ablation,4-28,mlp_quant_sweep_b32,all 32-bit,90000,0.004,50,32,28.6551,0.8921,0.2767,5.5604,,259061,render_metrics,,mlp_payload=0.3320 attr=5.2284,5090 mlp_quant results
phg_mlp_quant_ablation,4-28,mlp_quant_sweep_b16,all 16-bit,90000,0.004,50,16,28.6551,0.8921,0.2767,5.4210,,259061,render_metrics,,mlp_payload=0.1926 attr=5.2284,5090 mlp_quant results
phg_mlp_quant_ablation,4-28,mlp_quant_sweep_b8,all 8-bit,90000,0.004,50,8,28.5765,0.8917,0.2771,5.6181,,259061,render_metrics,,mlp_payload=0.1273 attr=5.4908,5090 mlp_quant results
phg_mlp_quant_ablation,4-28,mlp_quant_sweep_b6,all 6-bit,90000,0.004,50,6,27.2459,0.8830,0.2856,6.5003,,259061,render_metrics,,mlp_payload=0.0882 attr=6.4120,5090 mlp_quant results
phg_mlp_quant_ablation,4-28,mlp_quant_sweep_b4,all 4-bit,90000,0.004,50,4,20.3864,0.7898,0.3837,9.1215,,259061,render_metrics,,mlp_payload=0.0591 attr=9.0623,5090 mlp_quant results
phg_mlp_quant_ablation,4-28,mlp_quant_sens_mlp_opacity,8-bit only mlp_opacity,90000,0.004,50,8bit_group,28.6011,0.8919,0.2769,5.2350,,259061,render_metrics,,mlp_payload=0.0066 attr=5.2284,5090 mlp_quant results
phg_mlp_quant_ablation,4-28,mlp_quant_sens_mlp_cov,8-bit only mlp_cov,90000,0.004,50,8bit_group,28.6376,0.8920,0.2769,5.2390,,259061,render_metrics,,mlp_payload=0.0106 attr=5.2284,5090 mlp_quant results
phg_mlp_quant_ablation,4-28,mlp_quant_sens_mlp_color,8-bit only mlp_color,90000,0.004,50,8bit_group,28.6458,0.8921,0.2769,5.2368,,259061,render_metrics,,mlp_payload=0.0084 attr=5.2284,5090 mlp_quant results
phg_mlp_quant_ablation,4-28,mlp_quant_sens_mlp_grid,8-bit only mlp_grid,90000,0.004,50,8bit_group,28.6584,0.8922,0.2767,5.5180,,259061,render_metrics,,mlp_payload=0.0398 attr=5.4782,5090 mlp_quant results
phg_mlp_quant_ablation,4-28,mlp_quant_sens_mlp_deform,8-bit only mlp_deform,90000,0.004,50,8bit_group,28.6551,0.8921,0.2767,5.2963,,259061,render_metrics,,mlp_payload=0.0592 attr=5.2371,5090 mlp_quant results
phg_mlp_quant_ablation,4-28,mlp_quant_sens_mlp_complexity,8-bit only mlp_complexity,90000,0.004,50,8bit_group,28.6553,0.8921,0.2767,5.2341,,259061,render_metrics,,mlp_payload=0.0027 attr=5.2314,5090 mlp_quant results
phg_mlp_quant_ablation,4-28,mlp_quant_sens_8bit_nogrid,8-bit except mlp_grid,90000,0.004,50,8bit_nogrid,28.5722,0.8917,0.2772,5.3276,,259061,render_metrics,,mlp_payload=0.0875 attr=5.2401,5090 mlp_quant results
phg_mlp_quant_ablation,4-28,mlp_quant_sens_cd8_rest16,mixed cd8/rest16 (90k),90000,0.004,50,cd8_rest16,28.6559,0.8921,0.2767,5.4052,,259061,render_metrics,,mlp_payload=0.165 attr=5.2401,5090 mlp_quant results
phg_mlp_quant_ablation,4-28,mlp_quant_sens_cd8_rest16_110k,mixed cd8/rest16 (110k),110000,0.004,50,cd8_rest16,28.8235,0.8926,0.2771,5.4852,,254921,render_metrics,,mlp_payload=0.165 attr=5.3202,5090 mlp_quant results
phg_db_ablation,DB-playroom,db_playroom_i6_110k_h32_l0p002_ablation_i2off,lambda=0.002 ablation I2-off (I6 off too) baseline float32,110000,0.002,50,float32,30.728597246367357,0.9128845292946388,0.25627637680234583,4.4143,,148161,render_metrics,,queued DB-ablation/Mip360/T&T (new optimal config),collect_queue_results.py
phg_db_ablation,DB-playroom,db_playroom_i6_110k_h32_l0p002_ablation_i2off,lambda=0.002 ablation I2-off (I6 off too) MLP quant cd8_rest16,110000,0.002,50,cd8_rest16,30.7289,0.9129,0.2563,4.257,,148161,render_metrics,,queued DB-ablation/Mip360/T&T (new optimal config),collect_queue_results.py
phg_db_ablation,DB-playroom,db_playroom_i6_110k_h32_l0p002_ablation_i6off,lambda=0.002 ablation I6-off baseline float32,110000,0.002,50,float32,30.667108141142748,0.9122857985825374,0.25766993904935903,4.4668,,151320,render_metrics,,queued DB-ablation/Mip360/T&T (new optimal config),collect_queue_results.py
phg_db_ablation,DB-playroom,db_playroom_i6_110k_h32_l0p002_ablation_i6off,lambda=0.002 ablation I6-off MLP quant cd8_rest16,110000,0.002,50,cd8_rest16,30.6655,0.9123,0.2577,4.3052,,151320,render_metrics,,queued DB-ablation/Mip360/T&T (new optimal config),collect_queue_results.py
phg_db_ablation_30k,DB-playroom,db_playroom_i6_30k_h32_l0p002_ablation_i2off,lambda=0.002 ablation I2-off (I6 off too) baseline float32,30000,0.002,50,float32,31.013122098199254,0.9141277526987011,0.25715664234654656,4.1157,,165079,render_metrics,,queued DB-ablation/Mip360/T&T (new optimal config),collect_queue_results.py
phg_db_ablation_30k,DB-playroom,db_playroom_i6_30k_h32_l0p002_ablation_i2off,lambda=0.002 ablation I2-off (I6 off too) MLP quant cd8_rest16,30000,0.002,50,cd8_rest16,31.0131,0.9141,0.2572,3.9505,,165079,render_metrics,,queued DB-ablation/Mip360/T&T (new optimal config),collect_queue_results.py
phg_db_ablation_30k,DB-playroom,db_playroom_i6_30k_h32_l0p002_ablation_i6off,lambda=0.002 ablation I6-off baseline float32,30000,0.002,50,float32,30.928085327148438,0.9128675173068869,0.25950652669216023,4.2039,,163566,render_metrics,,queued DB-ablation/Mip360/T&T (new optimal config),collect_queue_results.py
phg_db_ablation_30k,DB-playroom,db_playroom_i6_30k_h32_l0p002_ablation_i6off,lambda=0.002 ablation I6-off MLP quant cd8_rest16,30000,0.002,50,cd8_rest16,30.9285,0.9129,0.2595,4.0378,,163566,render_metrics,,queued DB-ablation/Mip360/T&T (new optimal config),collect_queue_results.py
phg_spa_110k,DB-playroom,db_playroom_i6_110k_h32_l0p002_spa0p5,lambda=0.002 SPA ratio=0.5 (110k) baseline float32,110000,0.002,50,float32,29.890774167817213,0.896295257683458,0.30719929214181574,1.1292,,32848,render_metrics,,queued DB-ablation/Mip360/T&T (new optimal config),collect_queue_results.py
phg_spa_110k,DB-playroom,db_playroom_i6_110k_h32_l0p002_spa0p5,lambda=0.002 SPA ratio=0.5 (110k) MLP quant cd8_rest16,110000,0.002,50,cd8_rest16,29.9003,0.8964,0.3072,0.9639,,32848,render_metrics,,queued DB-ablation/Mip360/T&T (new optimal config),collect_queue_results.py
phg_mip360_rd,Mip360-flowers,mip360_flowers_i6_30k_h32_l0p002,lambda=0.002 lambda-RD 30k baseline float32,30000,0.002,50,float32,21.36965560913086,0.5763589997183193,0.3738724250685085,14.9354,,547566,render_metrics,,queued DB-ablation/Mip360/T&T (new optimal config),collect_queue_results.py
phg_mip360_rd,Mip360-flowers,mip360_flowers_i6_30k_h32_l0p002,lambda=0.002 lambda-RD 30k MLP quant cd8_rest16,30000,0.002,50,cd8_rest16,21.3693,0.5764,0.3739,14.7759,,547566,render_metrics,,queued DB-ablation/Mip360/T&T (new optimal config),collect_queue_results.py
phg_mip360_rd,Mip360-flowers,mip360_flowers_i6_30k_h32_l0p004,lambda=0.004 lambda-RD 30k baseline float32,30000,0.004,50,float32,21.35466159473766,0.5742653080008246,0.37887117808515375,11.5624,,495254,render_metrics,,queued DB-ablation/Mip360/T&T (new optimal config),collect_queue_results.py
phg_mip360_rd,Mip360-flowers,mip360_flowers_i6_30k_h32_l0p004,lambda=0.004 lambda-RD 30k MLP quant cd8_rest16,30000,0.004,50,cd8_rest16,21.3549,0.5743,0.3789,11.4021,,495254,render_metrics,,queued DB-ablation/Mip360/T&T (new optimal config),collect_queue_results.py
phg_mip360_rd,Mip360-garden,mip360_garden_i6_30k_h32_l0p002,lambda=0.002 lambda-RD 30k baseline float32,30000,0.002,50,float32,27.288723866144817,0.8348689079284668,0.16401366020242372,16.2612,,541977,render_metrics,,queued DB-ablation/Mip360/T&T (new optimal config),collect_queue_results.py
phg_mip360_rd,Mip360-garden,mip360_garden_i6_30k_h32_l0p002,lambda=0.002 lambda-RD 30k MLP quant cd8_rest16,30000,0.002,50,cd8_rest16,27.2887,0.8349,0.164,16.0983,,541977,render_metrics,,queued DB-ablation/Mip360/T&T (new optimal config),collect_queue_results.py
phg_mip360_rd,Mip360-garden,mip360_garden_i6_30k_h32_l0p004,lambda=0.004 lambda-RD 30k baseline float32,30000,0.004,50,float32,27.11559494336446,0.8267905861139297,0.179361242800951,12.3399,,489813,render_metrics,,queued DB-ablation/Mip360/T&T (new optimal config),collect_queue_results.py
phg_mip360_rd,Mip360-garden,mip360_garden_i6_30k_h32_l0p004,lambda=0.004 lambda-RD 30k MLP quant cd8_rest16,30000,0.004,50,cd8_rest16,27.1157,0.8268,0.1794,12.1707,,489813,render_metrics,,queued DB-ablation/Mip360/T&T (new optimal config),collect_queue_results.py
phg_mip360_rd,Mip360-stump,mip360_stump_i6_30k_h32_l0p002,lambda=0.002 lambda-RD 30k baseline float32,30000,0.002,50,float32,26.58709168434143,0.7596466913819313,0.27014442440122366,13.7277,,436634,render_metrics,,queued DB-ablation/Mip360/T&T (new optimal config),collect_queue_results.py
phg_mip360_rd,Mip360-stump,mip360_stump_i6_30k_h32_l0p002,lambda=0.002 lambda-RD 30k MLP quant cd8_rest16,30000,0.002,50,cd8_rest16,26.5879,0.7596,0.2701,13.5614,,436634,render_metrics,,queued DB-ablation/Mip360/T&T (new optimal config),collect_queue_results.py
phg_mip360_rd,Mip360-stump,mip360_stump_i6_30k_h32_l0p004,lambda=0.004 lambda-RD 30k baseline float32,30000,0.004,50,float32,26.578014850616455,0.7583711370825768,0.2765505574643612,10.5842,,378897,render_metrics,,queued DB-ablation/Mip360/T&T (new optimal config),collect_queue_results.py
phg_mip360_rd,Mip360-stump,mip360_stump_i6_30k_h32_l0p004,lambda=0.004 lambda-RD 30k MLP quant cd8_rest16,30000,0.004,50,cd8_rest16,26.5778,0.7584,0.2765,10.4206,,378897,render_metrics,,queued DB-ablation/Mip360/T&T (new optimal config),collect_queue_results.py
phg_tandt_rd,TNT-train,tandt_train_i6_30k_h32_l0p002,lambda=0.002 lambda-RD 30k baseline float32,30000,0.002,50,float32,22.481398557361803,0.8356074235941234,0.2200336958232679,8.3811,,280672,render_metrics,,queued DB-ablation/Mip360/T&T (new optimal config),collect_queue_results.py
phg_tandt_rd,TNT-train,tandt_train_i6_30k_h32_l0p002,lambda=0.002 lambda-RD 30k MLP quant cd8_rest16,30000,0.002,50,cd8_rest16,22.4837,0.8357,0.22,8.222,,280672,render_metrics,,queued DB-ablation/Mip360/T&T (new optimal config),collect_queue_results.py
phg_tandt_rd,TNT-train,tandt_train_i6_30k_h32_l0p004,lambda=0.004 lambda-RD 30k baseline float32,30000,0.004,50,float32,22.494976495441637,0.8333001528915606,0.22401797300890872,6.9195,,272653,render_metrics,,queued DB-ablation/Mip360/T&T (new optimal config),collect_queue_results.py
phg_tandt_rd,TNT-train,tandt_train_i6_30k_h32_l0p004,lambda=0.004 lambda-RD 30k MLP quant cd8_rest16,30000,0.004,50,cd8_rest16,22.4747,0.8326,0.224,6.7568,,272653,render_metrics,,queued DB-ablation/Mip360/T&T (new optimal config),collect_queue_results.py
phg_tandt_rd,TNT-truck,tandt_truck_i6_30k_h32_l0p002,lambda=0.002 lambda-RD 30k baseline float32,30000,0.002,50,float32,25.933749675750732,0.8881524838507175,0.17217998066917062,10.0664,,370950,render_metrics,,queued DB-ablation/Mip360/T&T (new optimal config),collect_queue_results.py
phg_tandt_rd,TNT-truck,tandt_truck_i6_30k_h32_l0p002,lambda=0.002 lambda-RD 30k MLP quant cd8_rest16,30000,0.002,50,cd8_rest16,25.9321,0.8882,0.1722,9.9022,,370950,render_metrics,,queued DB-ablation/Mip360/T&T (new optimal config),collect_queue_results.py
phg_tandt_rd,TNT-truck,tandt_truck_i6_30k_h32_l0p004,lambda=0.004 lambda-RD 30k baseline float32,30000,0.004,50,float32,25.939057409763336,0.8870338965207338,0.17599129304289818,7.8927,,329639,render_metrics,,queued DB-ablation/Mip360/T&T (new optimal config),collect_queue_results.py
phg_tandt_rd,TNT-truck,tandt_truck_i6_30k_h32_l0p004,lambda=0.004 lambda-RD 30k MLP quant cd8_rest16,30000,0.004,50,cd8_rest16,25.9391,0.887,0.176,7.7319,,329639,render_metrics,,queued DB-ablation/Mip360/T&T (new optimal config),collect_queue_results.py
phg_db_ablation,DB-playroom,db_playroom_i6_110k_h32_l0p002_ablation_i2off,lambda=0.002 ablation I2-off (I6 off too) baseline float32,110000,0.002,50,float32,30.728597246367357,0.9128845292946388,0.25627637680234583,4.4143,,148161,render_metrics,,queued DB-ablation/Mip360/T&T (new optimal config),collect_queue_results.py
phg_db_ablation,DB-playroom,db_playroom_i6_110k_h32_l0p002_ablation_i2off,lambda=0.002 ablation I2-off (I6 off too) MLP quant cd8_rest16,110000,0.002,50,cd8_rest16,30.7289,0.9129,0.2563,4.257,,148161,render_metrics,,queued DB-ablation/Mip360/T&T (new optimal config),collect_queue_results.py
phg_db_ablation,DB-playroom,db_playroom_i6_110k_h32_l0p002_ablation_i6off,lambda=0.002 ablation I6-off baseline float32,110000,0.002,50,float32,30.667108141142748,0.9122857985825374,0.25766993904935903,4.4668,,151320,render_metrics,,queued DB-ablation/Mip360/T&T (new optimal config),collect_queue_results.py
phg_db_ablation,DB-playroom,db_playroom_i6_110k_h32_l0p002_ablation_i6off,lambda=0.002 ablation I6-off MLP quant cd8_rest16,110000,0.002,50,cd8_rest16,30.6655,0.9123,0.2577,4.3052,,151320,render_metrics,,queued DB-ablation/Mip360/T&T (new optimal config),collect_queue_results.py
phg_db_ablation_30k,DB-playroom,db_playroom_i6_30k_h32_l0p002_ablation_i2off,lambda=0.002 ablation I2-off (I6 off too) baseline float32,30000,0.002,50,float32,31.013122098199254,0.9141277526987011,0.25715664234654656,4.1157,,165079,render_metrics,,queued DB-ablation/Mip360/T&T (new optimal config),collect_queue_results.py
phg_db_ablation_30k,DB-playroom,db_playroom_i6_30k_h32_l0p002_ablation_i2off,lambda=0.002 ablation I2-off (I6 off too) MLP quant cd8_rest16,30000,0.002,50,cd8_rest16,31.0131,0.9141,0.2572,3.9505,,165079,render_metrics,,queued DB-ablation/Mip360/T&T (new optimal config),collect_queue_results.py
phg_db_ablation_30k,DB-playroom,db_playroom_i6_30k_h32_l0p002_ablation_i6off,lambda=0.002 ablation I6-off baseline float32,30000,0.002,50,float32,30.928085327148438,0.9128675173068869,0.25950652669216023,4.2039,,163566,render_metrics,,queued DB-ablation/Mip360/T&T (new optimal config),collect_queue_results.py
phg_db_ablation_30k,DB-playroom,db_playroom_i6_30k_h32_l0p002_ablation_i6off,lambda=0.002 ablation I6-off MLP quant cd8_rest16,30000,0.002,50,cd8_rest16,30.9285,0.9129,0.2595,4.0378,,163566,render_metrics,,queued DB-ablation/Mip360/T&T (new optimal config),collect_queue_results.py
phg_spa_110k,DB-playroom,db_playroom_i6_110k_h32_l0p002_spa0p5,lambda=0.002 SPA RD (I2+I6+SPA) baseline float32,110000,0.002,50,float32,29.890774167817213,0.896295257683458,0.30719929214181574,1.1292,,32848,render_metrics,,queued DB-ablation/Mip360/T&T (new optimal config),collect_queue_results.py
phg_spa_110k,DB-playroom,db_playroom_i6_110k_h32_l0p002_spa0p5,lambda=0.002 SPA RD (I2+I6+SPA) MLP quant cd8_rest16,110000,0.002,50,cd8_rest16,29.9003,0.8964,0.3072,0.9639,,32848,render_metrics,,queued DB-ablation/Mip360/T&T (new optimal config),collect_queue_results.py
phg_spa_i6off,DB-playroom,db_playroom_i6_110k_h32_l0p002_spa_i6off,lambda=0.002 SPA + I2 (w/o I6) baseline float32,110000,0.002,50,float32,29.469090165763067,0.8919845428960077,0.32087216397811624,0.9836,,23929,render_metrics,,queued DB-ablation/Mip360/T&T (new optimal config),collect_queue_results.py
phg_spa_i6off,DB-playroom,db_playroom_i6_110k_h32_l0p002_spa_i6off,lambda=0.002 SPA + I2 (w/o I6) MLP quant cd8_rest16,110000,0.002,50,cd8_rest16,29.4728,0.892,0.3209,0.8172,,23929,render_metrics,,queued DB-ablation/Mip360/T&T (new optimal config),collect_queue_results.py
phg_spa_i2off,DB-playroom,db_playroom_i6_110k_h32_l0p002_spa_i2off,lambda=0.002 SPA only (w/o I2/I6) baseline float32,110000,0.002,50,float32,29.762293651186187,0.8939698071315371,0.3161659651789172,1.0083,,24704,render_metrics,,queued DB-ablation/Mip360/T&T (new optimal config),collect_queue_results.py
phg_spa_i2off,DB-playroom,db_playroom_i6_110k_h32_l0p002_spa_i2off,lambda=0.002 SPA only (w/o I2/I6) MLP quant cd8_rest16,110000,0.002,50,cd8_rest16,29.7655,0.894,0.3162,0.8429,,24704,render_metrics,,queued DB-ablation/Mip360/T&T (new optimal config),collect_queue_results.py
phg_mip360_rd,Mip360,mip360_flowers_i6_30k_h32_l0p002,lambda=0.002 lambda-RD 30k baseline float32,30000,0.002,50,float32,21.36965560913086,0.5763589997183193,0.3738724250685085,14.9354,,547566,render_metrics,,queued DB-ablation/Mip360/T&T (new optimal config),collect_queue_results.py
phg_mip360_rd,Mip360,mip360_flowers_i6_30k_h32_l0p002,lambda=0.002 lambda-RD 30k MLP quant cd8_rest16,30000,0.002,50,cd8_rest16,21.3693,0.5764,0.3739,14.7759,,547566,render_metrics,,queued DB-ablation/Mip360/T&T (new optimal config),collect_queue_results.py
phg_mip360_rd,Mip360,mip360_flowers_i6_30k_h32_l0p004,lambda=0.004 lambda-RD 30k baseline float32,30000,0.004,50,float32,21.35466159473766,0.5742653080008246,0.37887117808515375,11.5624,,495254,render_metrics,,queued DB-ablation/Mip360/T&T (new optimal config),collect_queue_results.py
phg_mip360_rd,Mip360,mip360_flowers_i6_30k_h32_l0p004,lambda=0.004 lambda-RD 30k MLP quant cd8_rest16,30000,0.004,50,cd8_rest16,21.3549,0.5743,0.3789,11.4021,,495254,render_metrics,,queued DB-ablation/Mip360/T&T (new optimal config),collect_queue_results.py
phg_mip360_rd,Mip360,mip360_garden_i6_30k_h32_l0p002,lambda=0.002 lambda-RD 30k baseline float32,30000,0.002,50,float32,27.288723866144817,0.8348689079284668,0.16401366020242372,16.2612,,541977,render_metrics,,queued DB-ablation/Mip360/T&T (new optimal config),collect_queue_results.py
phg_mip360_rd,Mip360,mip360_garden_i6_30k_h32_l0p002,lambda=0.002 lambda-RD 30k MLP quant cd8_rest16,30000,0.002,50,cd8_rest16,27.2887,0.8349,0.164,16.0983,,541977,render_metrics,,queued DB-ablation/Mip360/T&T (new optimal config),collect_queue_results.py
phg_mip360_rd,Mip360,mip360_garden_i6_30k_h32_l0p004,lambda=0.004 lambda-RD 30k baseline float32,30000,0.004,50,float32,27.11559494336446,0.8267905861139297,0.179361242800951,12.3399,,489813,render_metrics,,queued DB-ablation/Mip360/T&T (new optimal config),collect_queue_results.py
phg_mip360_rd,Mip360,mip360_garden_i6_30k_h32_l0p004,lambda=0.004 lambda-RD 30k MLP quant cd8_rest16,30000,0.004,50,cd8_rest16,27.1157,0.8268,0.1794,12.1707,,489813,render_metrics,,queued DB-ablation/Mip360/T&T (new optimal config),collect_queue_results.py
phg_mip360_rd,Mip360,mip360_stump_i6_30k_h32_l0p002,lambda=0.002 lambda-RD 30k baseline float32,30000,0.002,50,float32,26.58709168434143,0.7596466913819313,0.27014442440122366,13.7277,,436634,render_metrics,,queued DB-ablation/Mip360/T&T (new optimal config),collect_queue_results.py
phg_mip360_rd,Mip360,mip360_stump_i6_30k_h32_l0p002,lambda=0.002 lambda-RD 30k MLP quant cd8_rest16,30000,0.002,50,cd8_rest16,26.5879,0.7596,0.2701,13.5614,,436634,render_metrics,,queued DB-ablation/Mip360/T&T (new optimal config),collect_queue_results.py
phg_mip360_rd,Mip360,mip360_stump_i6_30k_h32_l0p004,lambda=0.004 lambda-RD 30k baseline float32,30000,0.004,50,float32,26.578014850616455,0.7583711370825768,0.2765505574643612,10.5842,,378897,render_metrics,,queued DB-ablation/Mip360/T&T (new optimal config),collect_queue_results.py
phg_mip360_rd,Mip360,mip360_stump_i6_30k_h32_l0p004,lambda=0.004 lambda-RD 30k MLP quant cd8_rest16,30000,0.004,50,cd8_rest16,26.5778,0.7584,0.2765,10.4206,,378897,render_metrics,,queued DB-ablation/Mip360/T&T (new optimal config),collect_queue_results.py
phg_tandt_rd,TNT,tandt_train_i6_30k_h32_l0p002,lambda=0.002 lambda-RD 30k baseline float32,30000,0.002,50,float32,22.481398557361803,0.8356074235941234,0.2200336958232679,8.3811,,280672,render_metrics,,queued DB-ablation/Mip360/T&T (new optimal config),collect_queue_results.py
phg_tandt_rd,TNT,tandt_train_i6_30k_h32_l0p002,lambda=0.002 lambda-RD 30k MLP quant cd8_rest16,30000,0.002,50,cd8_rest16,22.4837,0.8357,0.22,8.222,,280672,render_metrics,,queued DB-ablation/Mip360/T&T (new optimal config),collect_queue_results.py
phg_tandt_rd,TNT,tandt_train_i6_30k_h32_l0p004,lambda=0.004 lambda-RD 30k baseline float32,30000,0.004,50,float32,22.494976495441637,0.8333001528915606,0.22401797300890872,6.9195,,272653,render_metrics,,queued DB-ablation/Mip360/T&T (new optimal config),collect_queue_results.py
phg_tandt_rd,TNT,tandt_train_i6_30k_h32_l0p004,lambda=0.004 lambda-RD 30k MLP quant cd8_rest16,30000,0.004,50,cd8_rest16,22.4747,0.8326,0.224,6.7568,,272653,render_metrics,,queued DB-ablation/Mip360/T&T (new optimal config),collect_queue_results.py
phg_tandt_rd,TNT,tandt_truck_i6_30k_h32_l0p002,lambda=0.002 lambda-RD 30k baseline float32,30000,0.002,50,float32,25.933749675750732,0.8881524838507175,0.17217998066917062,10.0664,,370950,render_metrics,,queued DB-ablation/Mip360/T&T (new optimal config),collect_queue_results.py
phg_tandt_rd,TNT,tandt_truck_i6_30k_h32_l0p002,lambda=0.002 lambda-RD 30k MLP quant cd8_rest16,30000,0.002,50,cd8_rest16,25.9321,0.8882,0.1722,9.9022,,370950,render_metrics,,queued DB-ablation/Mip360/T&T (new optimal config),collect_queue_results.py
phg_tandt_rd,TNT,tandt_truck_i6_30k_h32_l0p004,lambda=0.004 lambda-RD 30k baseline float32,30000,0.004,50,float32,25.939057409763336,0.8870338965207338,0.17599129304289818,7.8927,,329639,render_metrics,,queued DB-ablation/Mip360/T&T (new optimal config),collect_queue_results.py
phg_tandt_rd,TNT,tandt_truck_i6_30k_h32_l0p004,lambda=0.004 lambda-RD 30k MLP quant cd8_rest16,30000,0.004,50,cd8_rest16,25.9391,0.887,0.176,7.7319,,329639,render_metrics,,queued DB-ablation/Mip360/T&T (new optimal config),collect_queue_results.py
phg_minisplat,DB-playroom,spa_fixed_low_baseline,SPA r0.52 baseline (I2+I6),30000,0.004,50,float32,29.374343,0.894152,0.310510,1.058,51735,40897,render_metrics,,HAC++ decoded; 30k lambda=0.004 update_until=15000,5090 results
phg_minisplat,DB-playroom,spa_fixed_low_semantic,SPA r0.52 + DINO T-A2,30000,0.004,50,float32,29.615210,0.895717,0.305870,1.2331,52616,45197,render_metrics,,15k self-anchor target refresh; decoded,5090 results
phg_minisplat,DB-playroom,spa_fixed_high_baseline,SPA r0.85 baseline (cell1),30000,0.004,50,float32,30.221048,0.906776,0.280928,1.8594,112875,87449,render_metrics,,HAC++ decoded; main baseline,5090 results
phg_minisplat,DB-playroom,spa_fixed_high_semantic,SPA r0.85 + DINO T-A2 (cell3),30000,0.004,50,float32,30.337938,0.907431,0.278438,2.1974,115410,101206,render_metrics,,15k refresh; decoded,5090 results
phg_minisplat,DB-playroom,spa_minisplat_cell2,MiniSplat+SPA r0.85 (cell2),30000,0.004,50,float32,30.420158,0.907014,0.278745,1.9051,115170,90872,render_metrics,,default primary path; +0.199dB vs cell1,5090 results
phg_minisplat,DB-playroom,spa_minisplat_cell4b,MiniSplat+语义+SPA r0.85 (cell4b),30000,0.004,50,float32,30.458409,0.907505,0.278364,2.2568,114554,101706,render_metrics,,15k refresh; decoded; bug-fixed run,5090 results
phg_minisplat,DB-playroom,spa_fixed_r092_baseline,SPA r0.92 baseline,30000,0.004,50,float32,30.578197,0.908787,0.274914,2.2026,137827,109966,render_metrics,,HAC++ decoded,5090 results
phg_minisplat,DB-playroom,spa_fixed_r092_semantic,SPA r0.92 + DINO T-A2,30000,0.004,50,float32,30.576260,0.908416,0.275479,2.6672,146025,131230,render_metrics,,15k refresh; decoded,5090 results
phg_minisplat,DB-playroom,spa_fixed_r097_baseline,SPA r0.97 baseline,30000,0.004,50,float32,30.819597,0.910385,0.267571,2.8383,176402,151222,render_metrics,,HAC++ decoded,5090 results
phg_minisplat,DB-playroom,spa_fixed_r097_semantic,SPA r0.97 + DINO T-A2,30000,0.004,50,float32,30.796672,0.910360,0.266464,3.1101,176888,151437,render_metrics,,15k refresh; decoded,5090 results
phg_semantic_stageB,DB-playroom,db_playroom_sem_t2a5_30k,非SPA 基线 (≈I2+I6; 空语义目标),30000,0.002,50,float32,30.916649,0.912239,0.257911,4.1075,,161134,render_metrics,,1600w decoded; 训练锚点数未采集,MiniSplat report
phg_semantic_stageB,DB-playroom,db_playroom_sem_t2a5_30k_v3,非SPA + DINO T-A2 (15k刷新),30000,0.002,50,float32,31.041856,0.913964,0.257424,5.2841,,204035,render_metrics,,+0.125dB / +28.6% volume; 训练锚点数未采集,MiniSplat report
phg_semantic_stageB,4-28,run428_baseline,非SPA 30k I2+I6 baseline,30000,0.004,50,float32,28.308024,0.892691,0.271688,,455404,,render_metrics,,训练期验证评估(未压缩),5090 results
phg_semantic_stageB,4-28,run428_semantic,非SPA 30k + DINO T-A2,30000,0.004,50,float32,28.267294,0.892705,0.272012,,458015,,render_metrics,,15k 458015 anchors refresh; 训练期验证(未压缩),5090 results
phg_minisplat,DB-playroom,p0_e1_playroom_r052_mini,MiniSplat+SPA r0.52 (E1),30000,0.004,50,float32,29.524713,0.895617,0.306516,1.0908,57500,43154,render_metrics,,E1; +0.150dB vs SPA r0.52; BD curve,P0_E1 report
phg_minisplat,DB-playroom,p0_e1_playroom_r092_mini,MiniSplat+SPA r0.92 (E1),30000,0.004,50,float32,30.608918,0.908787,0.274774,2.2421,143043,109476,render_metrics,,E1; +0.031dB vs SPA r0.92,P0_E1 report
phg_minisplat,DB-playroom,p0_e1_playroom_r097_mini,MiniSplat+SPA r0.97 (E1),30000,0.004,50,float32,30.818201,0.910908,0.266682,2.8739,183240,147878,render_metrics,,E1; ~0.00dB vs SPA r0.97; BD-rate -8.59%,P0_E1 report
phg_minisplat,4-28,p0_e4_428_110k_spa_mini,SPA0.85+MiniSplat 110k (E4),110000,0.004,50,float32,28.735902,0.891610,0.276917,5.449,527052,247344,render_metrics,,protocol mask-lr-final 0.002; decoded; vs nonSPA base 28.825/5.647,P0_E4 report
phg_minisplat,4-28,p0_e4_428_110k_spa_base,SPA0.85 110k (E4),110000,0.004,50,float32,28.747707,0.891724,0.276448,5.5137,523187,259999,render_metrics,,protocol mask-lr-final 0.002; decoded; MiniSplat=-,5090 E4 results
phg_minisplat,4-28,p0_e4_428_110k_nospa_mini,MiniSplat 非SPA 110k (E4),110000,0.004,50,float32,28.759421,0.891796,0.277176,5.4329,587921,243627,render_metrics,,protocol 110k; decoded; MiniSplat=+,5090 E4 results
phg_db_ablation,DB-playroom,db_playroom_i6_110k_h32_l0p002_ablation_i2off,lambda=0.002 ablation I2-off (I6 off too) baseline float32,110000,0.002,50,float32,30.728597246367357,0.9128845292946388,0.25627637680234583,4.4143,,148161,render_metrics,,queued DB-ablation/Mip360/T&T (new optimal config),collect_queue_results.py
phg_db_ablation,DB-playroom,db_playroom_i6_110k_h32_l0p002_ablation_i2off,lambda=0.002 ablation I2-off (I6 off too) MLP quant cd8_rest16,110000,0.002,50,cd8_rest16,30.7289,0.9129,0.2563,4.257,,148161,render_metrics,,queued DB-ablation/Mip360/T&T (new optimal config),collect_queue_results.py
phg_db_ablation,DB-playroom,db_playroom_i6_110k_h32_l0p002_ablation_i6off,lambda=0.002 ablation I6-off baseline float32,110000,0.002,50,float32,30.667108141142748,0.9122857985825374,0.25766993904935903,4.4668,,151320,render_metrics,,queued DB-ablation/Mip360/T&T (new optimal config),collect_queue_results.py
phg_db_ablation,DB-playroom,db_playroom_i6_110k_h32_l0p002_ablation_i6off,lambda=0.002 ablation I6-off MLP quant cd8_rest16,110000,0.002,50,cd8_rest16,30.6655,0.9123,0.2577,4.3052,,151320,render_metrics,,queued DB-ablation/Mip360/T&T (new optimal config),collect_queue_results.py
phg_db_ablation_30k,DB-playroom,db_playroom_i6_30k_h32_l0p002_ablation_i2off,lambda=0.002 ablation I2-off (I6 off too) baseline float32,30000,0.002,50,float32,31.013122098199254,0.9141277526987011,0.25715664234654656,4.1157,,165079,render_metrics,,queued DB-ablation/Mip360/T&T (new optimal config),collect_queue_results.py
phg_db_ablation_30k,DB-playroom,db_playroom_i6_30k_h32_l0p002_ablation_i2off,lambda=0.002 ablation I2-off (I6 off too) MLP quant cd8_rest16,30000,0.002,50,cd8_rest16,31.0131,0.9141,0.2572,3.9505,,165079,render_metrics,,queued DB-ablation/Mip360/T&T (new optimal config),collect_queue_results.py
phg_db_ablation_30k,DB-playroom,db_playroom_i6_30k_h32_l0p002_ablation_i6off,lambda=0.002 ablation I6-off baseline float32,30000,0.002,50,float32,30.928085327148438,0.9128675173068869,0.25950652669216023,4.2039,,163566,render_metrics,,queued DB-ablation/Mip360/T&T (new optimal config),collect_queue_results.py
phg_db_ablation_30k,DB-playroom,db_playroom_i6_30k_h32_l0p002_ablation_i6off,lambda=0.002 ablation I6-off MLP quant cd8_rest16,30000,0.002,50,cd8_rest16,30.9285,0.9129,0.2595,4.0378,,163566,render_metrics,,queued DB-ablation/Mip360/T&T (new optimal config),collect_queue_results.py
phg_spa_110k,DB-playroom,db_playroom_i6_110k_h32_l0p002_spa0p5,lambda=0.002 SPA RD (I2+I6+SPA) baseline float32,110000,0.002,50,float32,29.890774167817213,0.896295257683458,0.30719929214181574,1.1292,,32848,render_metrics,,queued DB-ablation/Mip360/T&T (new optimal config),collect_queue_results.py
phg_spa_110k,DB-playroom,db_playroom_i6_110k_h32_l0p002_spa0p5,lambda=0.002 SPA RD (I2+I6+SPA) MLP quant cd8_rest16,110000,0.002,50,cd8_rest16,29.9003,0.8964,0.3072,0.9639,,32848,render_metrics,,queued DB-ablation/Mip360/T&T (new optimal config),collect_queue_results.py
phg_spa_i6off,DB-playroom,db_playroom_i6_110k_h32_l0p002_spa_i6off,lambda=0.002 SPA + I2 (w/o I6) baseline float32,110000,0.002,50,float32,29.469090165763067,0.8919845428960077,0.32087216397811624,0.9836,,23929,render_metrics,,queued DB-ablation/Mip360/T&T (new optimal config),collect_queue_results.py
phg_spa_i6off,DB-playroom,db_playroom_i6_110k_h32_l0p002_spa_i6off,lambda=0.002 SPA + I2 (w/o I6) MLP quant cd8_rest16,110000,0.002,50,cd8_rest16,29.4728,0.892,0.3209,0.8172,,23929,render_metrics,,queued DB-ablation/Mip360/T&T (new optimal config),collect_queue_results.py
phg_spa_i2off,DB-playroom,db_playroom_i6_110k_h32_l0p002_spa_i2off,lambda=0.002 SPA only (w/o I2/I6) baseline float32,110000,0.002,50,float32,29.762293651186187,0.8939698071315371,0.3161659651789172,1.0083,,24704,render_metrics,,queued DB-ablation/Mip360/T&T (new optimal config),collect_queue_results.py
phg_spa_i2off,DB-playroom,db_playroom_i6_110k_h32_l0p002_spa_i2off,lambda=0.002 SPA only (w/o I2/I6) MLP quant cd8_rest16,110000,0.002,50,cd8_rest16,29.7655,0.894,0.3162,0.8429,,24704,render_metrics,,queued DB-ablation/Mip360/T&T (new optimal config),collect_queue_results.py
phg_spa_rd,DB-playroom,db_playroom_i6_110k_h32_l0p001_spa0p5,lambda=0.001 SPA RD (I2+I6+SPA) baseline float32,110000,0.001,50,float32,30.29028478162042,0.9021747872747224,0.2931223193119312,1.5665,,43481,render_metrics,,queued DB-ablation/Mip360/T&T (new optimal config),collect_queue_results.py
phg_spa_rd,DB-playroom,db_playroom_i6_110k_h32_l0p001_spa0p5,lambda=0.001 SPA RD (I2+I6+SPA) MLP quant cd8_rest16,110000,0.001,50,cd8_rest16,30.2829,0.9022,0.2931,1.4033,,43481,render_metrics,,queued DB-ablation/Mip360/T&T (new optimal config),collect_queue_results.py
phg_spa_rd,DB-playroom,db_playroom_i6_110k_h32_l0p004_spa0p5,lambda=0.004 SPA RD (I2+I6+SPA) baseline float32,110000,0.004,50,float32,28.80457615030223,0.883561187777026,0.3348338018203604,0.9914,,51307,render_metrics,,queued DB-ablation/Mip360/T&T (new optimal config),collect_queue_results.py
phg_spa_rd,DB-playroom,db_playroom_i6_110k_h32_l0p004_spa0p5,lambda=0.004 SPA RD (I2+I6+SPA) MLP quant cd8_rest16,110000,0.004,50,cd8_rest16,28.8015,0.8835,0.3349,0.8254,,51307,render_metrics,,queued DB-ablation/Mip360/T&T (new optimal config),collect_queue_results.py
phg_spa_rd,DB-drjohnson,db_drjohnson_i6_110k_h32_l0p001_spa0p5,lambda=0.001 SPA RD (I2+I6+SPA) baseline float32,110000,0.001,50,float32,29.273654186364375,0.8953557971752051,0.2878223165418162,2.376,,71319,render_metrics,,queued DB-ablation/Mip360/T&T (new optimal config),collect_queue_results.py
phg_spa_rd,DB-drjohnson,db_drjohnson_i6_110k_h32_l0p001_spa0p5,lambda=0.001 SPA RD (I2+I6+SPA) MLP quant cd8_rest16,110000,0.001,50,cd8_rest16,29.2733,0.8953,0.2878,2.2122,,71319,render_metrics,,queued DB-ablation/Mip360/T&T (new optimal config),collect_queue_results.py
phg_spa_rd,DB-drjohnson,db_drjohnson_i6_110k_h32_l0p002_spa0p5,lambda=0.002 SPA RD (I2+I6+SPA) baseline float32,110000,0.002,50,float32,28.766134204286516,0.8890183568000793,0.3021522737813718,1.716,,54727,render_metrics,,queued DB-ablation/Mip360/T&T (new optimal config),collect_queue_results.py
phg_spa_rd,DB-drjohnson,db_drjohnson_i6_110k_h32_l0p002_spa0p5,lambda=0.002 SPA RD (I2+I6+SPA) MLP quant cd8_rest16,110000,0.002,50,cd8_rest16,28.7635,0.889,0.3021,1.5495,,54727,render_metrics,,queued DB-ablation/Mip360/T&T (new optimal config),collect_queue_results.py
phg_spa_rd,DB-drjohnson,db_drjohnson_i6_110k_h32_l0p004_spa0p5,lambda=0.004 SPA RD (I2+I6+SPA) baseline float32,110000,0.004,50,float32,28.04984138951157,0.876842094190193,0.32422524013302545,1.2343,,45595,render_metrics,,queued DB-ablation/Mip360/T&T (new optimal config),collect_queue_results.py
phg_spa_rd,DB-drjohnson,db_drjohnson_i6_110k_h32_l0p004_spa0p5,lambda=0.004 SPA RD (I2+I6+SPA) MLP quant cd8_rest16,110000,0.004,50,cd8_rest16,28.0458,0.8768,0.3243,1.0683,,45595,render_metrics,,queued DB-ablation/Mip360/T&T (new optimal config),collect_queue_results.py
phg_mip360_rd,Mip360,mip360_flowers_i6_30k_h32_l0p002,lambda=0.002 lambda-RD 30k baseline float32,30000,0.002,50,float32,21.36965560913086,0.5763589997183193,0.3738724250685085,14.9354,,547566,render_metrics,,queued DB-ablation/Mip360/T&T (new optimal config),collect_queue_results.py
phg_mip360_rd,Mip360,mip360_flowers_i6_30k_h32_l0p002,lambda=0.002 lambda-RD 30k MLP quant cd8_rest16,30000,0.002,50,cd8_rest16,21.3693,0.5764,0.3739,14.7759,,547566,render_metrics,,queued DB-ablation/Mip360/T&T (new optimal config),collect_queue_results.py
phg_mip360_rd,Mip360,mip360_flowers_i6_30k_h32_l0p004,lambda=0.004 lambda-RD 30k baseline float32,30000,0.004,50,float32,21.35466159473766,0.5742653080008246,0.37887117808515375,11.5624,,495254,render_metrics,,queued DB-ablation/Mip360/T&T (new optimal config),collect_queue_results.py
phg_mip360_rd,Mip360,mip360_flowers_i6_30k_h32_l0p004,lambda=0.004 lambda-RD 30k MLP quant cd8_rest16,30000,0.004,50,cd8_rest16,21.3549,0.5743,0.3789,11.4021,,495254,render_metrics,,queued DB-ablation/Mip360/T&T (new optimal config),collect_queue_results.py
phg_mip360_rd,Mip360,mip360_garden_i6_30k_h32_l0p002,lambda=0.002 lambda-RD 30k baseline float32,30000,0.002,50,float32,27.288723866144817,0.8348689079284668,0.16401366020242372,16.2612,,541977,render_metrics,,queued DB-ablation/Mip360/T&T (new optimal config),collect_queue_results.py
phg_mip360_rd,Mip360,mip360_garden_i6_30k_h32_l0p002,lambda=0.002 lambda-RD 30k MLP quant cd8_rest16,30000,0.002,50,cd8_rest16,27.2887,0.8349,0.164,16.0983,,541977,render_metrics,,queued DB-ablation/Mip360/T&T (new optimal config),collect_queue_results.py
phg_mip360_rd,Mip360,mip360_garden_i6_30k_h32_l0p004,lambda=0.004 lambda-RD 30k baseline float32,30000,0.004,50,float32,27.11559494336446,0.8267905861139297,0.179361242800951,12.3399,,489813,render_metrics,,queued DB-ablation/Mip360/T&T (new optimal config),collect_queue_results.py
phg_mip360_rd,Mip360,mip360_garden_i6_30k_h32_l0p004,lambda=0.004 lambda-RD 30k MLP quant cd8_rest16,30000,0.004,50,cd8_rest16,27.1157,0.8268,0.1794,12.1707,,489813,render_metrics,,queued DB-ablation/Mip360/T&T (new optimal config),collect_queue_results.py
phg_mip360_rd,Mip360,mip360_stump_i6_30k_h32_l0p002,lambda=0.002 lambda-RD 30k baseline float32,30000,0.002,50,float32,26.58709168434143,0.7596466913819313,0.27014442440122366,13.7277,,436634,render_metrics,,queued DB-ablation/Mip360/T&T (new optimal config),collect_queue_results.py
phg_mip360_rd,Mip360,mip360_stump_i6_30k_h32_l0p002,lambda=0.002 lambda-RD 30k MLP quant cd8_rest16,30000,0.002,50,cd8_rest16,26.5879,0.7596,0.2701,13.5614,,436634,render_metrics,,queued DB-ablation/Mip360/T&T (new optimal config),collect_queue_results.py
phg_mip360_rd,Mip360,mip360_stump_i6_30k_h32_l0p004,lambda=0.004 lambda-RD 30k baseline float32,30000,0.004,50,float32,26.578014850616455,0.7583711370825768,0.2765505574643612,10.5842,,378897,render_metrics,,queued DB-ablation/Mip360/T&T (new optimal config),collect_queue_results.py
phg_mip360_rd,Mip360,mip360_stump_i6_30k_h32_l0p004,lambda=0.004 lambda-RD 30k MLP quant cd8_rest16,30000,0.004,50,cd8_rest16,26.5778,0.7584,0.2765,10.4206,,378897,render_metrics,,queued DB-ablation/Mip360/T&T (new optimal config),collect_queue_results.py
phg_tandt_rd,TNT,tandt_train_i6_30k_h32_l0p002,lambda=0.002 lambda-RD 30k baseline float32,30000,0.002,50,float32,22.481398557361803,0.8356074235941234,0.2200336958232679,8.3811,,280672,render_metrics,,queued DB-ablation/Mip360/T&T (new optimal config),collect_queue_results.py
phg_tandt_rd,TNT,tandt_train_i6_30k_h32_l0p002,lambda=0.002 lambda-RD 30k MLP quant cd8_rest16,30000,0.002,50,cd8_rest16,22.4837,0.8357,0.22,8.222,,280672,render_metrics,,queued DB-ablation/Mip360/T&T (new optimal config),collect_queue_results.py
phg_tandt_rd,TNT,tandt_train_i6_30k_h32_l0p004,lambda=0.004 lambda-RD 30k baseline float32,30000,0.004,50,float32,22.494976495441637,0.8333001528915606,0.22401797300890872,6.9195,,272653,render_metrics,,queued DB-ablation/Mip360/T&T (new optimal config),collect_queue_results.py
phg_tandt_rd,TNT,tandt_train_i6_30k_h32_l0p004,lambda=0.004 lambda-RD 30k MLP quant cd8_rest16,30000,0.004,50,cd8_rest16,22.4747,0.8326,0.224,6.7568,,272653,render_metrics,,queued DB-ablation/Mip360/T&T (new optimal config),collect_queue_results.py
phg_tandt_rd,TNT,tandt_truck_i6_30k_h32_l0p002,lambda=0.002 lambda-RD 30k baseline float32,30000,0.002,50,float32,25.933749675750732,0.8881524838507175,0.17217998066917062,10.0664,,370950,render_metrics,,queued DB-ablation/Mip360/T&T (new optimal config),collect_queue_results.py
phg_tandt_rd,TNT,tandt_truck_i6_30k_h32_l0p002,lambda=0.002 lambda-RD 30k MLP quant cd8_rest16,30000,0.002,50,cd8_rest16,25.9321,0.8882,0.1722,9.9022,,370950,render_metrics,,queued DB-ablation/Mip360/T&T (new optimal config),collect_queue_results.py
phg_tandt_rd,TNT,tandt_truck_i6_30k_h32_l0p004,lambda=0.004 lambda-RD 30k baseline float32,30000,0.004,50,float32,25.939057409763336,0.8870338965207338,0.17599129304289818,7.8927,,329639,render_metrics,,queued DB-ablation/Mip360/T&T (new optimal config),collect_queue_results.py
phg_tandt_rd,TNT,tandt_truck_i6_30k_h32_l0p004,lambda=0.004 lambda-RD 30k MLP quant cd8_rest16,30000,0.004,50,cd8_rest16,25.9391,0.887,0.176,7.7319,,329639,render_metrics,,queued DB-ablation/Mip360/T&T (new optimal config),collect_queue_results.py
gen_matrix,2-06,dcca_2-06_30k_32dim_l0004_base_s0,base (I2+I6) 30k 32dim seed42,30000,0.004,32,float32,27.6503,0.8630,0.1620,12.4151,,721850,render_metrics,,LYH gen-matrix 2026-09-07; bit_exact=true; sensitivity-start-iter 0,lyh_gen_matrix.sh
gen_matrix,2-06,dcca_2-06_30k_32dim_l0004_covfix_s0,fusion+coverage (covfix) 30k 32dim seed42,30000,0.004,32,float32,27.6574,0.8633,0.1613,12.4597,,722194,render_metrics,,fusion w/ spa-coverage-constraint cell0.05; vs base +0.007dB,lyh_gen_matrix.sh
gen_matrix,2-06,dcca_2-06_30k_32dim_l0002_base,base (I2+I6) 30k 32dim seed42,30000,0.002,32,float32,28.0911,0.8759,0.1449,16.4346,,,render_metrics,,bcd_queue2 2026-09-05; bit_exact=true,bcd_queue2.sh
gen_matrix,2-06,dcca_2-06_30k_32dim_l0002_fusion_s0,fusion (plain) 30k 32dim seed42,30000,0.002,32,float32,28.0561,0.8749,0.1456,16.2233,,,render_metrics,,fusion w/o coverage; vs base -0.035dB/-0.21MB; bit_exact=true,bcd_queue2.sh
gen_matrix,2-06,dcca_2-06_30k_32dim_l0005_base,base (I2+I6) 30k 32dim seed42,30000,0.0005,32,float32,28.3828,0.8822,0.1375,24.0831,,,render_metrics,,bcd_queue2; bit_exact=true,bcd_queue2.sh
gen_matrix,2-06,dcca_2-06_30k_32dim_l0005_fusion_s0,fusion (plain) 30k 32dim seed42,30000,0.0005,32,float32,28.4899,0.8853,0.1314,24.9744,,721292,render_metrics,,vs base +0.107dB/+0.89MB; bit_exact=true,lyh_gen_matrix.sh
gen_matrix,4-10,dcca_4-10_30k_32dim_l0004_base_s0,base (I2+I6) 30k 32dim seed42,30000,0.004,32,float32,28.2522,0.8343,0.2057,11.7018,,671497,render_metrics,,LYH gen-matrix 2026-09-07; bit_exact=true,lyh_gen_matrix.sh
gen_matrix,4-10,dcca_4-10_30k_32dim_l0004_covfix_s0,fusion+coverage (covfix) 30k 32dim seed42,30000,0.004,32,float32,28.3242,0.8375,0.2018,11.8242,,671570,render_metrics,,vs base +0.072dB/+0.12MB; no collapse (1-78 fix generalizes),lyh_gen_matrix.sh
gen_matrix,4-10,dcca_4-10_30k_32dim_l0002_base,base (I2+I6) 30k 32dim seed42,30000,0.002,32,float32,28.6951,0.8529,0.1802,15.7272,,,render_metrics,,bcd_queue2; bit_exact=true,bcd_queue2.sh
gen_matrix,4-10,dcca_4-10_30k_32dim_l0002_fusion_s0,fusion (plain) 30k 32dim seed42,30000,0.002,32,float32,28.7391,0.8534,0.1798,15.9056,,,render_metrics,,vs base +0.044dB/+0.18MB; bit_exact=true,bcd_queue2.sh
gen_matrix,4-10,dcca_4-10_30k_32dim_l0005_base,base (I2+I6) 30k 32dim seed42,30000,0.0005,32,float32,29.0064,0.8637,0.1656,22.8886,,,render_metrics,,bcd_queue2; bit_exact=true,bcd_queue2.sh
gen_matrix,4-10,dcca_4-10_30k_32dim_l0005_fusion_s0,fusion (plain) 30k 32dim seed42,30000,0.0005,32,float32,29.0592,0.8669,0.1598,23.4504,,671399,render_metrics,,vs base +0.053dB/+0.56MB; bit_exact=true,lyh_gen_matrix.sh
fusionfix,1-78,dcca_1-78_30k_32dim_l0004_fusionfix_s0,fusion ENGAGED w/ coverage 30k 32dim seed42,30000,0.004,32,float32,27.3081,0.8611,0.1825,11.9879,,807294,render_metrics,,post-audit engaged fusion (engaged=9); vs base 27.511 -0.203dB; no collapse,lyh_fusionfix_relaunch.sh
fusionfix,1-78,dcca_1-78_30k_32dim_l0005_fusionfix_s0,fusion ENGAGED w/ coverage 30k 32dim seed42,30000,0.0005,32,float32,28.0347,0.8795,0.1575,23.5930,,808079,render_metrics,,engaged=9; vs base 27.953 +0.082dB at same size; bit_exact=true,lyh_fusionfix_relaunch.sh
iter60k,1-78,dcca_1-78_60k_32dim_l0004_base_s0,base (I2+I6) 60k 32dim seed42,60000,0.004,32,float32,27.9492,0.8746,0.1729,12.5009,,829731,render_metrics,,60k study; vs 30k +0.44dB; dominates HAC++30k@0.004 on both axes (iter mismatch caveat),lyh_60k_queue.sh
iter60k,1-78,dcca_1-78_60k_32dim_l0002_base_s0,base (I2+I6) 60k 32dim seed42,60000,0.002,32,float32,28.3720,0.8852,0.1578,16.7145,,831598,render_metrics,,vs 30k +0.62dB; vs HAC++30k@0.002 +0.16dB at -9.6MB (iter mismatch caveat),lyh_60k_queue.sh
iter60k,1-78,dcca_1-78_60k_32dim_l0005_base_s0,base (I2+I6) 60k 32dim seed42,60000,0.0005,32,float32,28.1793,0.8834,0.1572,25.7846,,831019,render_metrics,,anomaly: dominated by own l0002 point; re-run candidate,lyh_60k_queue.sh
iter60k,1-78,dcca_1-78_60k_32dim_l0004_full_s0,fusion ENGAGED w/ coverage 60k 32dim seed42,60000,0.004,32,float32,27.9402,0.8741,0.1726,12.4474,,831740,render_metrics,,engaged=17; vs base -0.009dB parity,lyh_fusionfix_relaunch.sh
iter60k,1-78,dcca_1-78_60k_32dim_l0002_full_s0,fusion ENGAGED w/ coverage 60k 32dim seed42,60000,0.002,32,float32,28.1436,0.8812,0.1603,17.3822,,829170,render_metrics,,engaged=17; vs base -0.228dB/+0.67MB negative,lyh_fusionfix_relaunch.sh
iter60k,1-78,dcca_1-78_60k_32dim_l0005_full_s0,fusion ENGAGED w/ coverage 60k 32dim seed42,60000,0.0005,32,float32,28.0559,0.8811,0.1593,25.7443,,831567,render_metrics,,engaged=17; vs base -0.123dB,lyh_fusionfix_relaunch.sh
fusionfix,1-78,dcca_1-78_30k_32dim_l0002_fusionfix_s0,fusion ENGAGED w/ coverage 30k 32dim seed42,30000,0.002,32,float32,27.8517,0.8758,0.1651,15.3779,,809742,render_metrics,,engaged=9; vs base 27.750 +0.102dB at +0.33MB; bit_exact=true; disk-full relaunch,lyh_fusionfix_relaunch.sh
fusA,1-78,dcca_1-78_30k_32dim_l0004_fusA_s0,fusion fix-A (rotEMA+p99norm+xmul) 30k seed42,30000,0.004,32,float32,27.3707,0.8625,0.1837,11.7183,,820537,render_metrics,,engaged>89%; cov_p50 0.176 (was 0.000); vs base -0.14dB: GATE FAIL (>=27.461),lyh_fusionfix_relaunch.sh
fusA,1-78,dcca_1-78_30k_32dim_l0002_fusA_s0,fusion fix-A (rotEMA+p99norm+xmul) 30k seed42,30000,0.002,32,float32,27.8093,0.8733,0.1693,15.1498,,821433,render_metrics,,engaged>89%; cov_p50 0.137; vs base +0.059dB: gate pass by 0.009,lyh_fusionfix_relaunch.sh
ph0a,1-78,ph0a_base_r100_lam0002_s42,base r_post=1.0 (legacy control) 30k seed42,30000,0.002,32,float32,27.8622,0.8750,0.1662,15.2430,,808321,render_metrics,,base replica: vs base_s0 +0.11dB (F7 noise band); decisions>0 100% cycles,ph0 0a
ph0a,1-78,ph0a_base_r085_lam0002_s42,base r_post=0.85 30k seed42,30000,0.002,32,float32,27.7298,0.8718,0.1714,14.4526,,689044,render_metrics,,dose-response monotone; -0.13dB/-0.79MB vs r100,ph0 0a
ph0a,1-78,ph0a_base_r070_lam0002_s42,base r_post=0.70 30k seed42,30000,0.002,32,float32,27.6368,0.8699,0.1728,13.2900,,566543,render_metrics,,-0.09dB/-1.16MB vs r085; monotone,ph0 0a
ph0a,1-78,ph0a_base_r055_lam0002_s42,base r_post=0.55 30k seed42,30000,0.002,32,float32,27.2853,0.8612,0.1850,11.1014,,444491,render_metrics,,-0.35dB/-2.19MB vs r070; no cliff (<=0.5); regression ~0.18dB<=0.3; G0a PASS,ph0 0a
ph0c,1-78,ph0c_base_r085_lam0002_s42,base r_post=0.85 seed42 (dup of 0a r085 arm),30000,0.002,32,float32,27.7298,0.8718,0.1714,14.4526,,689044,render_metrics,,0c reference (0a arm reused),lyh_ph0c_wave.sh
ph0c,1-78,ph0c_base_r085_lam0004_s42,base r_post=0.85 seed42,30000,0.004,32,float32,26.9829,0.8541,0.1911,11.0835,,687213,render_metrics,,biting-budget base collapses -0.53dB vs legacy 27.511,lyh_ph0c_wave.sh
ph0c,1-78,ph0c_base_r085_lam0005_s42,base r_post=0.85 seed42,30000,0.0005,32,float32,27.5974,0.8706,0.1700,21.4410,,686684,render_metrics,,low-lambda anomaly (worse than 0.002 arm),lyh_ph0c_wave.sh
ph0c,1-78,ph0c_fusA_r085_lam0002_s42,fusion fix-A ENGAGED r_post=0.85 seed42,30000,0.002,32,float32,27.5560,0.8685,0.1733,14.5542,,688572,render_metrics,,vs base -0.174dB (mid-rate cost),lyh_ph0c_wave.sh
ph0c,1-78,ph0c_fusA_r085_lam0004_s42,fusion fix-A ENGAGED r_post=0.85 seed42,30000,0.004,32,float32,27.4258,0.8646,0.1800,11.2509,,686445,render_metrics,,vs base +0.443dB: coverage selection protects under biting budget; G0b mean=+0.100 at gate,lyh_ph0c_wave.sh
ph0c,1-78,ph0c_fusA_r085_lam0005_s42,fusion fix-A ENGAGED r_post=0.85 seed42,30000,0.0005,32,float32,27.6278,0.8704,0.1716,20.5943,,687181,render_metrics,,vs base +0.031dB/-0.85MB,lyh_ph0c_wave.sh
ph0c,1-78,ph0c_base_noreinit_r085_lam0002_s42,base r085 NO depth-reinit seed42 (ablation),30000,0.002,32,float32,27.5149,0.8681,0.1746,14.5916,,683672,render_metrics,,vs +reinit 27.730@14.453: -0.215dB at +0.14MB -> depth-reinit POSITIVE under biting budget (same-size trend),lyh ablation
ph0c,1-78,ph0c_base_r085_lam0004_s104,base r_post=0.85 seed104,30000,0.004,32,float32,27.2617,0.8613,0.1804,11.7290,,679827,render_metrics,,seed104 replication,ph0 final wave
ph0c,1-78,ph0c_base_r085_lam0005_s104,base r_post=0.85 seed104,30000,0.0005,32,float32,27.4487,0.8647,0.1737,20.9158,,679663,render_metrics,,seed104 replication,ph0 final wave
ph0c,1-78,ph0c_fusA_r085_lam0002_s104,fusion fix-A ENGAGED r085 seed104,30000,0.002,32,float32,27.5225,0.8670,0.1724,14.7530,,679990,render_metrics,,vs base_s104(noreinit avail? use s42 base) replication arm,ph0 final wave
ph0c,1-78,ph0c_fusA_r085_lam0004_s104,fusion fix-A ENGAGED r085 seed104,30000,0.004,32,float32,26.8869,0.8500,0.1948,11.4815,,677588,render_metrics,,vs base s104 +0.375dB lower than s42 pair,ph0 final wave
ph0c,1-78,ph0c_fusA_r085_lam0005_s104,fusion fix-A ENGAGED r085 seed104,30000,0.0005,32,float32,27.7561,0.8706,0.1698,20.8189,,679366,render_metrics,,vs base s104 +0.307dB,ph0 final wave
ph0d,1-78,ph0d_nocap_r085_lam0004_s42,UNCAPPED fusion w=0.5 nocap r085 seed42,30000,0.004,32,float32,27.4199,0.8644,0.1817,10.9470,,687512,render_metrics,,0d: uncapped does NOT collapse at biting budget (27.42; gamma 0.75 multiplicative),ph0 final wave
ph0d,1-78,ph0d_fusA_r085_lam0004_s42,fusA capped+constraint r085 lam0004 seed42,30000,0.004,32,float32,27.4493,0.8648,0.1805,11.2084,,686002,render_metrics,,0d reference arm 27.449 (parity with nocap at this gamma),ph0 final wave
void,1-78,ph1_A2_subv1_r085_lam0002_s42,"VOID: submodular never engaged (stale code, 154 API errors)",30000,0.002,32,float32,27.5762,0.8688,0.1736,14.6845,,687151,render_metrics,,actually a fusA r085 replica; excluded from G1,ph1 queue
void,1-78,ph1_A3_subv2_r085_lam0002_s42,VOID: submodular never engaged (stale code),30000,0.002,32,float32,27.8059,0.8741,0.1684,14.8033,,687069,render_metrics,,fusA replica; excluded from G1,ph1 queue
ph1v3,1-78,ph1v3_A2_cover_r085_lam0002_s42,submodular v1 cover @ r085 (box+lazy-greedy fixed),30000,0.002,32,float32,27.8058,0.8742,0.1677,14.4323,,688347,548963,render_metrics,",vs base r085 27.730@14.453: +0.076 dB same-size; submod_keep=kappa every cycle; provider_fail=0",ph1 v4b
ph1v3,1-78,ph1v3_A3_coversens_r085_lam0002_s42,submodular v2 sens-weighted @ r085,30000,0.002,32,float32,26.9848,0.8554,0.1875,14.4529,,687222,549176,render_metrics,",RELABELED 2026-09-19 (provenance audit): ckpt config diff proves submodular_sens_weighted=False and the mode string has no behavioral effect — this run is an A2-config RERUN (same-second launch, same code dir); 26.985 vs its A2 twin 27.806 (same seed/code) is a rerun outlier of the greedy arm at lam0002 (-0.82 dB same-config spread), NOT a sensitivity-weighting effect; see docs/03-reports/A3臂实现核查与来源调查_20260919.md",ph1 v4b
ph1v3,1-78,ph1v3_A2_cover_r085_lam0004_s42,submodular v1 cover @ r085,30000,0.004,32,float32,27.5038,0.8657,0.1803,11.0557,,688707,496937,render_metrics,",vs base 26.983@11.084: +0.521 dB same-size; vs fusA 27.426: +0.078 dB",ph1 wave2
ph1v3,1-78,ph1v3_A3_coversens_r085_lam0004_s42,submodular v2 sens-weighted @ r085,30000,0.004,32,float32,27.4173,0.8637,0.1820,11.0564,,687344,491675,render_metrics,",RELABELED 2026-09-19: sensitivity weighting never engaged (ckpt flag False) — treat as an A2 rerun: third same-config sample at lam0004 (27.504/27.417/27.405, tight); see A3 provenance report",ph1 wave2
ph1v3,1-78,ph1v3_A2_cover_r085_lam0005_s42,submodular v1 cover @ r085,30000,0.0005,32,float32,27.7186,0.8726,0.1692,20.5475,,708090,705759,render_metrics,",vs base 27.597@21.441: +0.122 dB at -0.89 MB; provider_fail=0",ph1 wave3
ph1v3,1-78,ph1v3_A3_coversens_r085_lam0005_s42,submodular v2 sens-weighted @ r085,30000,0.0005,32,float32,27.8411,0.8745,0.1676,20.5311,,707491,783383,render_metrics,",RELABELED 2026-09-19: sensitivity weighting never engaged (ckpt flag False) — A2 rerun; the lam0005 base here is the high-rate anomaly point, comparison unreliable anyway; see A3 provenance report",ph1 wave3
ph1v3,1-78,ph1v3_A2_cover_r085_lam0002_s104,submodular v1 cover @ r085 seed104,30000,0.002,32,float32,27.6452,0.8707,0.1688,14.8113,,690134,732133,render_metrics,",vs base r085: -0.085 dB at +0.36 MB; CONFOUND: provider_fail=23/145 cycles (neighbor jobs on GPU5) -> ~15% topk-fallback dilution; clean rerun queued",ph1 wave3
ph1v3,1-78,ph1v3_A2_cover_r085_lam0004_s104,submodular v1 cover @ r085 seed104,30000,0.004,32,float32,27.4046,0.8627,0.1812,11.2760,,692046,745024,render_metrics,",vs base: +0.422 dB at +1.7% size; provider_fail=18/143 (same dilution caveat)",ph1 wave3
bgproto,1-78,cproto_s104,BG feature codebook offline proto (K=256 q=0.9),30000,0.004,32,float32,25.1982,0.8290,,11.1848,,679827,529575,encode_decode,",OFF 11.729MB/27.262dB -> ON 11.185MB/25.198dB: -2.06 dB at -4.6% size; G-C FAIL on quality (size saving sufficient); payload 103KB; bg=53267 anchors (10.1%); byte_account bg_bits_share=12.7%",bg-codebook proto
jr2,1-78,r2_base_newcode_r085_lam0002_s42,base rerun on new code (double-slice fix baseline),30000,0.002,32,float32,27.6946,0.8685,0.1776,13.9042,,688347,533684,render_metrics,",vs old-code base 27.730@14.453: -0.035 dB at -0.55 MB — double-slice fix effect within noise; NEW reference for all jr2 gates",jr2 wave1
jr2,1-78,r2_R1_rate_r085_lam0002_s42,R1 rate discount tau=1.0,30000,0.002,32,float32,27.6594,0.8680,0.1790,13.6739,,688347,516504,render_metrics,",vs new base: -0.035 dB at -1.7% size — G-R1 FAIL (engaged: bits_med=162.4 tau=1.0, 69 cycles)",jr2 wave1
jr2,1-78,r2_R2_bitbud_r085_lam0002_s42,R2 bit budget,30000,0.002,32,float32,27.5820,0.8664,0.1798,13.6480,,688347,521642,render_metrics,",vs new base: -0.113 dB at -1.8% size — G-R2 FAIL (engaged: kappa->665146)",jr2 wave1
jr2,1-78,r2_SPB_base_r085_lam0002_s42,sens_per_bit supervision target,30000,0.002,32,float32,27.6122,0.8660,0.1806,14.0307,,688347,534312,render_metrics,",vs new base: -0.082 dB at +0.9% size — G-SPB FAIL (engaged log confirmed)",jr2 wave1
ph1v3,1-78,ph1v3_A2_cover_r085_lam0002_s104r,A2 @0.002 s104 clean rerun (new code),30000,0.002,32,float32,27.6764,0.8689,0.1750,14.4984,,688347,553491,render_metrics,",vs new base: -0.019 dB at +0.6 MB — G1 lam0002 two-seed ~0; no provider dilution this time (0 fails)",jr2 wave2
a1,1-78,a1_sensitivity_ph0c_s104,sensitivity ground-truth calibration (16 views, Niedermayr Eq3),30000,0.004,32,float32,,,,679827,,529575,offline_diag,"spearman vis-only: offset_energy +0.304, trained logits -0.30/-0.29/-0.22 (I6 supervision learned sensitivity ranking); density/aniso ~0; zero-rate 26% among seen; s_gt tail 4e-7..9e-6; old |r|<0.005 was Pearson on a heavy tail",A1 offline
bdrate,1-78,rd_submod_vs_hacpp_1-78,BD-rate pchip (log-rate vs PSNR, decoded fp32),30000,0.002,32,float32,,,,,,,fig_doc,"submod vs HAC++: -16.2% (extrapolated below HAC++ min PSNR); best-no-submod vs HAC++: +1.5% (extrapolated); submod vs best-no-submod: -25.7% (clean overlap 27.50-27.73); 60k ours vs HAC++ 30k: -42.9% (iteration mismatch); figure docs/figures/rd_submod_vs_hacpp_1-78.png",numer env
bacc,1-78,ph0c_base_r085_lam0005_s42#bacc,"byte-account coded set (anchor_byte_account.py, repo 3e095a7)",30000,0.0005,32,float32,,,,21.4410,686684,681228,offline_diag,1.248,"per-anchor bits mean ratio vs lam0002 (245.9 vs 197.1); median ratio 1.391 (276.1 vs 198.5); visible-in-16views mean ratio 1.517 (301.3 vs 198.6); per-anchor total 20.940 MB vs 13.877 = +7.06 MB = whole CSV delta (+6.99); field per-anchor ratio: offsets 1.529 feat 1.194 masks 1.284 scaling 1.106; field share offsets 21.0->25.7%; coded set +20.9% (681228 vs 563343) of which 174981 (25.7%) unseen by the 16 dump views (lam0002: 1.2%); implied global fields 0.501 vs 0.576 MB",offline wave4 2026-09-17
bacc,1-78,ph0a_base_r085_lam0002_s42#bacc,"byte-account coded set (anchor_byte_account.py, repo 3e095a7)",30000,0.002,32,float32,,,,14.4526,689044,563343,offline_diag,197.1,"per-anchor bits mean (reference for the bacc lam0005 row); decile bits/anchor 169-230; headline top5/10/20pct_area_bits_share 0.060/0.117/0.228; bg_bits_share 0.117",offline wave4 2026-09-17
a1,1-78,ph1v3_A2_cover_r085_lam0002_s42#a1,"sensitivity ground-truth replay 16 views (A2 cover ckpt)",30000,0.002,32,float32,,,,14.4323,688347,548963,offline_diag,-0.546,"spearman(s_gt, logit_l1); zero-rate among seen 0.2556; spearman s_gt vs offset_energy +0.608 vs logit0/1/2 -0.615/-0.594/-0.615; s_gt top10pct mass share 0.588 gini 0.702; rank(s_gt) vs rank(logit_l1) top-k Jaccard 0.030/0.063/0.130 @5/10/20pct — complexity-net ranking nearly disjoint from true-sensitivity ranking",offline wave4 2026-09-17
a1,1-78,ph1v3_A3_coversens_r085_lam0002_s42,sensitivity ground-truth replay 16 views (A3 cover_sens ckpt),30000,0.002,32,float32,,,,14.4529,687222,549176,offline_diag,-0.529,"spearman(s_gt, logit_l1); zero-rate 0.2526; s_gt vs offset_energy +0.604; s_gt top10pct mass share 0.571 gini 0.689 — final sensitivity terrain nearly identical to A2; selection difference is LAYOUT: trained-set position overlap 46.3%, coded-set co-coded 49.5% (Jaccard 0.881 on matched), ~47% of coded anchors at model-unique positions; A3-only picks NOT more sensitive than A2-only picks (median ratio vs co-coded 0.812 vs 0.825; mean 1.413 vs 1.544); PruneLog has keep counts only (no keep identity) so per-cycle keep overlap NOT computable",offline wave4 2026-09-17
jr2,1-78,ph1v3_A2_cover_r085_lam0005_s104,A2 cover @0.0005 seed104 (G1 loose-budget cell),30000,0.0005,32,float32,27.2804,0.8596,0.1837,20.1871,677068,675327,render_metrics,,"vs lam0005 base s42 27.597@21.441: -0.317 dB at -1.25 MB; vs same-seed base s104 27.449@20.916: -0.168 dB; G1 lam0005 pair s42 +0.122 / s104 -0.317 -> mean -0.098, loose-budget cell is NEGATIVE; provider_fail cumulative 9 over 143 submod cycles (~6%, far below the old s104 arm's 23/145 dilution)",jr2 wave2
jr2,1-78,r2_fusA_new_r085_lam0004_s42,fusA (fusion fix-A) on new code @0.004 seed42,30000,0.004,32,float32,27.3007,0.8588,0.1914,10.5436,686922,467903,render_metrics,,"vs old-code fusA 27.426@11.251: -0.125 dB at -0.71 MB (new-code effect + fusA); vs old-code base 26.983@11.084: +0.318 dB; new-code base @0.004 not yet run (queued I6off/postw arms share the gap)",jr2 wave2
jr2,1-78,r2_gate_B0_new_r055_lam0002_s42,r055 deep-prune control on new code,30000,0.002,32,float32,27.3163,0.8605,0.1873,11.2261,442701,418264,render_metrics,,"vs r085 new base 27.695@13.904: r085->r055 drop -0.378 dB; consistent with old-code r055 27.285@11.10; reference arm for G-GATE",jr2 wave2
jr2,1-78,r2_gate_B1_holdout_r055_lam0002_s42,holdout recovery gate @r055,30000,0.002,32,float32,27.3434,0.8603,0.1876,11.0858,443023,417799,render_metrics,,"vs B0 27.316@11.226: +0.027 dB at -0.14 MB; G-GATE (pre-registered: recover >=50% of the -0.378 dB drop, i.e. >=+0.22 dB, size <=+2%): recovered 7% -> NOT PASSED",jr2 wave2
jr2,1-78,r2_fisher_fusA_r085_lam0004_s42,fusA + Fisher second-order @0.004 seed42,30000,0.004,32,float32,27.3457,0.8593,0.1895,10.4931,684658,460260,render_metrics,,"vs fusA_new s42 27.301@10.544: +0.045 dB at -0.05 MB; G-F gate (pre-registered: two-seed mean >= +0.10 dB) — s42 delta +0.045 < +0.10; the +0.045 sits INSIDE the demonstrated dup-run noise floor (s104r duplicate rerun differed by 0.058 dB) -> indistinguishable from run noise at one seed; s104 determinism pair (fusA_new_s104 + fisher_s104) queued at total-queue tail: if both seeds land positive ~+0.04 keep fisher flag as undocumented option (paper body silent), if negative record and leave off; attempt1-2 failed at 17:12/00:34 (cause log lost to retry overwrite), attempt3 clean",jr2 wave2
jr2,1-78,r2_l0005_relax_r085_lam0005_s42,base r_post=1.0 relax (H1 fix arm) lam0005,30000,0.0005,32,float32,27.5621,0.8696,0.1732,23.0449,806564,792723,render_metrics,,"27.5621@23.0449 vs gate >=27.80@<=21.4 -> NOT PASSED (-0.238 dB, +1.64 MB); vs the anomalous base it was meant to fix (27.597@21.441): -0.035 dB at +1.60 MB — strictly dominated; coded anchors 792723 (+16% vs base 681228) bought no quality, confirming the byte-account reading that loose-lambda capacity buys view-blind anchors; H1 (kappa schedule too tight at loose lambda) NOT SUPPORTED, r_post relaxation is not a fix for B; training recovered via recover_relax_tail.sh after shm-full compress crash",jr2 wave4
jr2,1-78,r2_A3_delayed_r085_lam0002_s42,A3 cover_sens delayed sens-start 20000 (H2 arm) lam0002,30000,0.002,32,float32,27.5831,0.8669,0.1793,13.8102,687494,532940,render_metrics,,"27.5831@13.8102 vs gate >=27.60 -> NOT PASSED by 0.017 dB (below the 0.058 dB dup-run noise floor); vs the A3 collapse arm (26.985@14.453, sens-start 0): +0.598 dB at -0.64 MB — recovers 84% of the -0.745 dB collapse — CORRECTION 2026-09-19: the referenced A3 collapse arm is proven to be an A2-config rerun outlier (weighting never engaged), so the recovery framing is RETRACTED; this run is pure-coverage greedy + delayed sensitivity supervision on new code, with no valid same-code immediate twin; keep as descriptive record only (see A3 provenance report); vs new base (27.695@13.904): -0.111 dB at -0.09 MB; clean run, no retries",jr2 wave4
jr2,1-78,r2_B1_postw5000_r085_lam0002_s42,post_window 5000 (pattern-6 B1 sweep),30000,0.002,32,float32,27.7434,0.8702,0.1751,13.9224,,687983,,render_metrics,",vs postw2000 base 27.695@13.904: +0.048 dB at +0.02 MB — within 0.058 noise floor; post_window not a lever at lam0.002",jr2 wave3
jr2,1-78,r2_B1_postw10000_r085_lam0002_s42,post_window 10000 (pattern-6 B1 sweep),30000,0.002,32,float32,27.6604,0.8686,0.1766,13.8560,,685401,,render_metrics,",vs postw2000 base: -0.035 dB at -0.05 MB — longer biting hurts slightly; sweep flat within noise",jr2 wave3
jr2,1-78,r2_w010_fusA_r085_lam0004_s42,fusion sensitivity weight 0.10 (G-W),30000,0.004,32,float32,27.3489,0.8604,0.1886,10.6256,,686922,,render_metrics,",vs fusA_new w030 27.301@10.544: +0.048 dB at +0.08 MB — within noise; G-W no weight beats default",jr2 wave2
jr2,1-78,r2_w020_fusA_r085_lam0004_s42,fusion sensitivity weight 0.20 (G-W),30000,0.004,32,float32,27.0783,,,10.5252,,686922,,render_metrics,",vs fusA_new w030: -0.22 dB — anomalously low (multi-restart run); G-W verdict unchanged (no weight beats default)",jr2 wave2
jr2,1-78,r2_fusA_new_r085_lam0004_s104,fusA (fusion fix-A) on new code @0.004 seed104 (dual-seed confirmation),30000,0.004,32,float32,27.1936,0.8568,0.1895,11.0215,677896,492538,render_metrics,,"vs fusA_new s42 27.301@10.544: -0.11 dB at +0.48 MB (seed spread); vs matched-seed ph0c base s104 27.262@11.729: -0.07 dB at -0.71 MB — sign flips vs s42 (+0.32 vs ph0c base s42), i.e. fusion-on-new-code has no seed-robust gain; both seeds below legacy base 27.511; negative-replication consistent with settled fusion FAIL verdicts, no gate change",jr2 total-queue tail
jr2,1-78,r2_fisher_fusA_r085_lam0004_s104,fusA + Fisher second-order @0.004 seed104 (G-F dual-seed confirmation),30000,0.004,32,float32,26.7443,0.8472,0.1979,11.0045,678194,491396,render_metrics,,"vs same-seed fusA_new s104 27.194@11.0215: -0.45 dB at -0.02 MB — Fisher hurts at s104; vs fisher s42 (+0.045 vs its fusA pair): sign flips across seeds, two-seed mean -0.20 dB — G-F FAIL replicated, Fisher second-order not seed-robust and skews harmful; no gate change",jr2 total-queue tail
jr2,1-78,r2_I6off_new_r085_lam0002_s42,I6-off: sensitivity fully disabled (pattern-2 SOG control; rerun after first attempt lost compress to shm-full),30000,0.002,32,float32,27.6741,0.8695,0.1763,13.8404,685186,530058,render_metrics,,"vs new-code base 27.695@13.904: -0.021 dB at -0.06 MB — well inside 0.058 dB noise floor; disabling sensitivity costs nothing, so the sensitivity signal has no demonstrated RD value at this working point; completes the pattern-2 evidence chain (sens-start-0 collapse 26.985 < delayed 27.583 < off 27.674 ~ base 27.695)",jr2 total-queue tail
r3,1-78,r3_a2rr1_cover_r085_lam0002_s42,"A2 cover greedy same-config rerun #1 (noise study; code queue-260919=d34af30=bg-feat+fixes, provenance.txt written)",30000,0.002,32,float32,27.7065,0.8696,0.1765,13.8677,684911,524307,render_metrics,,"greedy engaged 151/154 cycles (3 provider fails, 0 fallbacks); vs same-code base r2_base_newcode 27.695@13.904: +0.011 dB at -0.04 MB = noise-level; exclusive-card rerun after the contaminated v1 attempt",r3 queue v2
r3,1-78,r3_a2rr2_cover_r085_lam0002_s42,A2 cover greedy same-config rerun #2 (noise study; same code),30000,0.002,32,float32,27.5211,0.8638,0.1826,14.1185,686651,528860,render_metrics,,"greedy engaged 154/154 cycles (0 fails); vs same-code base: -0.174 dB at +0.21 MB; PAIR SPREAD vs rerun#1 = 0.185 dB same-seed same-code — greedy-arm rerun sigma ~0.13, wider than topk floor 0.058 but no 27.0-level crash; the historical 26.985 outlier not reproduced (0/2 on new code)",r3 queue v2
r3,1-78,r3_qoff_r085_lam0002_s42,content-aware quantization OFF (whole AQM+multiplier removed; 2x2 lam0002 OFF cell),30000,0.002,32,float32,27.7279,0.8697,0.1756,14.2612,686737,531977,render_metrics,,"vs ON base r2_base_newcode 27.695@13.904: +0.033 dB at +0.36 MB — no same-size gain; the ICRA-era 0.41 dB multiplier-ablation does NOT replicate as a same-size comparison on the new-code biting-budget protocol (this arm removes MORE than the multiplier and still costs nothing); offline audit predicted context-prediction (not step size) drives the field costs",r3 queue v2
r3,1-78,r3_qoff_r085_lam0005_s42,"content-aware quantization OFF (2x2 lam0005 OFF cell, high-rate end)",30000,0.0005,32,float32,27.7465,0.8717,0.1726,20.7186,684173,682640,render_metrics,,"vs anomalous ON base (old code) 27.597@21.441: +0.149 dB at -0.72 MB — strictly better; the bigger-AND-worse inversion at the high-rate end DISAPPEARS with quant OFF; but vs qoff lam0002 27.728@14.261: +6.46 MB buys only +0.019 dB (near-flat top end persists even without content-aware quant); new-code ON cell (r3_base_l0005) still running for the complete 2x2",r3 queue v2
r3,1-78,r3_base_r085_lam0005_s42,base r_post=0.85 ON attempt-2 rerun (attempt-1 killed); content-aware quant ON,30000,0.0005,32,float32,27.8125,0.8727,0.1721,19.944,686778,685130,render_metrics,,"decoded PSNR 27.8125 @ 19.944 MB vs old-code ph0c_base 27.597@21.441: +0.215 dB at -1.5 MB (cross-code rerun spread 0.215 dB, second data point after a2rr pair's 0.185 dB same-code spread); vs qoff lam0005 s42 27.7465@20.719: rerun ON Pareto-dominates OFF (+0.066 dB at -0.78 MB) — the lambda0005 'inversion' was an artifact of the anomalous old ON cell, quant ON is NOT strictly harmful at the high-rate end; float32 train eval 27.8153, decode loss 0.003 dB (bit-exact contract holds)",r3 queue v2 attempt-2 (new code d34af30)
r3,1-78,r3q_on_r085_lam0002_s104,"content-aware quantization ON, seed104 (ICRA claim operating point, v3 ablation cell)",30000,0.002,32,float32,27.4742,0.8651,0.1776,14.3943,676852,556142,render_metrics,,"v3 quant-ablation cell; vs r3q_off_l0002_s104 27.3796@14.8746: ON +0.095 dB at -0.48 MB (Pareto-dominates); vs s42 pair (27.7298 vs 27.7279): ON >= OFF at BOTH seeds at the claim point, but two-seed mean +0.048 dB << 0.41 dB claim and << 0.2 dB noise floor; seed spread ON 27.73/27.47, OFF 27.73/27.38 (cross-seed, not rerun noise)",r3q queue v3 gpu0
r3,1-78,r3q_off_r085_lam0002_s104,"content-aware quantization OFF (no AQM+multiplier, no sensitivity supervision), seed104",30000,0.002,32,float32,27.3796,0.8616,0.1797,14.8746,677843,564643,render_metrics,,v3 quant-ablation cell; kept more anchors at higher rate yet lower PSNR than ON; gate pending in queue log,r3q queue v3 gpu4
r3,1-78,r3q_on_r085_lam0004_s42,content-aware quantization ON seed42 — crash-cell rerun (old ph0c_base_lam0004_s42 was 26.9829),30000,0.004,32,float32,27.3899,0.8612,0.1883,10.5151,676513,467100,render_metrics,,v3 cell; rerun lands 27.39 NOT 26.98-class: old cell confirmed isolated outlier (same-config spread 0.41 dB); vs r3q_off_l0004_s42 27.3729@10.9375: ON +0.017 dB at -0.42 MB (Pareto); GATE caq=True/sens=True OK,r3q queue v3 gpu4
r3,1-78,r3q_off_r085_lam0004_s42,content-aware quantization OFF seed42,30000,0.004,32,float32,27.3729,0.8606,0.1887,10.9375,677639,475599,render_metrics,,v3 cell; GATE caq=False/sens=False OK,r3q queue v3 gpu0
r3,1-78,r3q_off_r085_lam0004_s104,content-aware quantization OFF seed104,30000,0.004,32,float32,27.2914,0.8582,0.1869,11.3941,679283,505499,render_metrics,,"v3 cell; vs OLD-code ON ph0c_base_lam0004_s104 27.2617@~11.0: +0.030 but cross-code comparator (old-code deficit ~0.2 at lam0005 s42) — unreliable, clean ON s104 cell optional for completeness; GATE OK",r3q queue v3 gpu4
r3,1-78,r3q_off_r085_lam0005_s104,content-aware quantization OFF seed104,30000,0.0005,32,float32,27.6554,0.8672,0.1757,20.7765,679288,674266,render_metrics,,v3 cell; vs OLD-code ON ph0c_base_lam0005_s104 27.4487@21.44: +0.207 OFF Pareto BUT comparator invalid (old-code deficit measured 0.215 at lam0005 s42; corrected ON would be ~27.65 = tie); GATE OK,r3q queue v3 gpu0
r3,1-78,c25_real_bitstream_lam0005_s42,"C2.5 real layered bitstream (range-coded, constriction; per-group discrete-Gaussian, 32 contribution groups; prefix-decodable at every layer boundary)",30000,0.0005,32,float32,,,,40.24,686684,681228,curve_summary,,"REAL cumulative bytes->PSNR (16 fixed views, sanity anchor 26.932 matches S2 full): 16x coarse 14.06MB/21.89dB; 8x 20.30MB/25.06; 4x 26.55MB/26.36; 2x 31.91MB/26.75; full 40.24MB/26.93; .bin=37.89MB coded in 56s; all chunks bit-exact roundtrip; ground truth = decoded model tensors (attributes.pth polluted by decode-side clamping); vs selection curve (learned coder) at ~26.4dB: selection needs ~22.5MB vs layered 26.55MB real — coder gap is priority-2 (layered conditional entropy model)",scripts/c25_real_bitstream.py; rb_run2 GPU2
r3,1-78,c25_real_lam0005_cond_lam0005_s42,"real layered bitstream with layer-conditioned residual models, 5-level ladder (16/8/4/2/1x)",30000,0.0005,32,float32,,,,37.92,686684,681228,curve_summary,,"REAL bytes->PSNR (16 views): 14.06/21.89, 19.86/25.06, 25.70/26.36, 30.43/26.75, 37.92/26.93 (sanity=26.932 matches S2); .bin 35.58MB coded in 56s; layer-conditioned residual models (group x coarse-magnitude bucket, decoder-recomputable) saved 2.33MB vs unconditioned; coarse-cliff found: 16x/8x levels unusable (scaling log-values), usable progressive range starts at 4x",c25_real_bitstream.py rb_run3 GPU5
r3,2-06,c25_real_lam0002_oldproto_2-06,"real layered bitstream on SECOND DATASET (old-protocol base run, 595703 anchors)",30000,0.002,32,float32,,,,28.32,595703,595703,curve_summary,,"REAL bytes->PSNR (16 views): 8.94/17.29, 13.57/21.85, 18.73/24.71, 22.51/25.62, 28.32/26.09 (sanity ok); auto-mapped generation + Morton-group fallback worked; pipeline GENERALIZES across datasets; .bin 26.42MB",c25_real_bitstream.py rb_206old GPU7
r3,1-78,c25_real_l0004_oldproto_lam0004_s0,"real layered bitstream, low-rate point (old-protocol run lam0004)",30000,0.004,32,float32,,,,20.69,631270,631270,curve_summary,,"REAL bytes->PSNR (16 views): 5.73/14.40, 8.74/18.50, 12.68/23.40, 15.85/25.77, 20.69/26.81 (sanity ok); layer-conditioned models saved 1.93MB; .bin 19.04MB",c25_real_bitstream.py rb_l0004old GPU2
ms,2-06,ms206_base_r085_lam0004_s42,"base r_post=0.85 (new protocol), first 2-06 point of the multi-scene table",30000,0.004,32,float32,27.4820,0.8579,0.1697,11.4691,612244,517338,render_metrics,,"first new-protocol 2-06 point; vs old-protocol 2-06 base lam0004 (dcca_2-06_30k_32dim_l0004_base_s0 27.6503): -0.17 dB cross-protocol (r085 budget compression; smaller gap than the 0.3-0.5 seen on 1-78); attempt-1 was OOM-killed (co-located render job), attempt-2 clean",ms_wave1_260924 gpu4
ms,4-10,ms410_base_r085_lam0005_s42,"base r_post=0.85 (new protocol), first 4-10 point of the multi-scene table",30000,0.0005,32,float32,28.9520,0.8645,0.1632,20.9593,570823,569330,render_metrics,,"first new-protocol 4-10 point (high-rate end); old-protocol 4-10 only has lam0004 28.2522 (cross-protocol, higher rate here so not directly comparable); attempt clean",ms_wave1_260924 gpu7
ms,1-78,ms178_base_r085_lam0001_s42,base r_post=0.85 high-rate fill (priority-3 segment 26-40MB),30000,0.0001,32,float32,27.0292,0.8456,0.2064,28.8004,686951,686951,render_metrics,,"high-rate segment point (28.8MB, largest file in the table); seed pair with s104 26.9733: spread 0.056 (within noise band)",ms_wave1_260924 gpu6
ms,1-78,ms178_base_r085_lam00025_s42,base r_post=0.85 high-rate fill,30000,0.00025,32,float32,27.5379,0.8625,0.1846,24.5382,687758,687758,render_metrics,,"high-rate segment point; seed pair with s104 27.0136: spread 0.524 dB — LARGE seed spread at this lambda, single-seed conclusions at lam00025 must carry this caveat",ms_wave1_260924 gpu5
ms,1-78,ms178_base_r085_lam0001_s104,"base r_post=0.85 high-rate fill, second seed",30000,0.0001,32,float32,26.9733,0.8411,0.2071,29.4817,677079,677079,render_metrics,,"dual-seed pair with s42 27.0292 (spread 0.056, within noise band)",ms_wave1_260924 gpu6
ms,1-78,ms178_base_r085_lam00025_s104,"base r_post=0.85 high-rate fill, second seed",30000,0.00025,32,float32,27.0136,0.8458,0.2001,24.522,677287,677287,render_metrics,,dual-seed pair with s42 27.5379 (spread 0.524 dB — large; flag for any lam00025 claims),ms_wave1_260924 gpu5
ms,2-06,ms206_base_r085_lam0002_s42,"base r_post=0.85, 2-06 mid-rate point",30000,0.002,32,float32,27.9131,0.8701,0.1550,14.9791,612425,558959,render_metrics,,"vs old-protocol 2-06 base lam0002 (28.0911): -0.18 dB cross-protocol, consistent with r085 budget cost; attempt-1 OOM (co-location lesson), attempt-2 clean",ms_wave1_260924 gpu2
ms,2-06,ms206_base_r085_lam0005_s42,"base r_post=0.85, 2-06 high-rate point",30000,0.0005,32,float32,28.2687,0.8791,0.1441,21.567,612912,609196,render_metrics,,vs old-protocol 2-06 base lam0005 (28.3828): -0.11 dB cross-protocol,ms_wave1_260924 gpu3
ms,2-06,ms206_base_r085_lam0005_s104,"base r_post=0.85, second seed",30000,0.0005,32,float32,28.5202,0.8868,0.1308,23.2436,595484,590652,render_metrics,,seed pair with s42 28.2687: spread 0.252 dB (s104 higher; larger rate too 23.24 vs 21.57 — matched-rate comparison pending),ms_wave1_260924 gpu3
ms,4-10,ms410_base_r085_lam0002_s42,"base r_post=0.85, 4-10 mid-rate point",30000,0.002,32,float32,28.6065,0.8495,0.1834,14.5563,570727,543810,render_metrics,,vs old-protocol 4-10 base lam0002 (28.6951): -0.09 dB cross-protocol,ms_wave1_260924 gpu4
ms,4-10,ms410_base_r085_lam0004_s42,"base r_post=0.85, 4-10 low-rate point",30000,0.004,32,float32,28.1614,0.8287,0.2116,10.9001,570876,509712,render_metrics,,vs old-protocol 4-10 base lam0004 (28.2522): -0.09 dB cross-protocol; 4-10 s104 arms not in wave1 (queued later if needed),ms_wave1_260924 gpu7
